Número da Conta;Nome do Cliente;Endereço;Telefone;Email
1;Fernanda Lima;Rua da Consolação, 2223;(11) 98623-5795;cliente1@exemplo.com
2;Juliana Costa;Rua Augusta, 1011;(11) 98959-1767;cliente2@exemplo.com
3;Pedro Santos;Rua da Consolação, 2223;(11) 93947-2587;cliente3@exemplo.com
4;Fernanda Lima;Rua Augusta, 1011;(11) 99345-3815;cliente4@exemplo.com
5;Lucas Fernandes;Rua da Consolação, 2223;(11) 96449-2610;cliente5@exemplo.com
6;Carlos Pereira;Rua XV de Novembro, 1415;(11) 94914-6650;cliente6@exemplo.com
7;Juliana Costa;Avenida Paulista, 456;(11) 93521-3943;cliente7@exemplo.com
8;Carlos Pereira;Avenida Paulista, 456;(11) 91984-8352;cliente8@exemplo.com
9;Ana Souza;Avenida Atlântica, 1617;(11) 95240-6030;cliente9@exemplo.com
10;João Silva;Avenida Brasil, 1213;(11) 91569-4953;cliente10@exemplo.com
11;Lucas Fernandes;Rua da Consolação, 2223;(11) 99883-4579;cliente11@exemplo.com
12;Carlos Pereira;Rua das Flores, 123;(11) 91689-8490;cliente12@exemplo.com
13;Mariana Rocha;Rua XV de Novembro, 1415;(11) 92925-5254;cliente13@exemplo.com
14;João Silva;Avenida Ipiranga, 2021;(11) 93750-8674;cliente14@exemplo.com
15;Carlos Pereira;Avenida Brasil, 1213;(11) 96436-3441;cliente15@exemplo.com
16;Lucas Fernandes;Avenida Ipiranga, 2021;(11) 97022-5724;cliente16@exemplo.com
17;João Silva;Rua das Flores, 123;(11) 99914-4856;cliente17@exemplo.com
18;João Silva;Avenida Atlântica, 1617;(11) 96767-1371;cliente18@exemplo.com
19;Juliana Costa;Rua XV de Novembro, 1415;(11) 99090-8621;cliente19@exemplo.com
20;Carlos Pereira;Rua das Palmeiras, 1819;(11) 94003-2265;cliente20@exemplo.com
21;Carlos Pereira;Rua da Consolação, 2223;(11) 94203-7540;cliente21@exemplo.com
22;Lucas Fernandes;Avenida Paulista, 456;(11) 95837-2509;cliente22@exemplo.com
23;Mariana Rocha;Avenida Brasil, 1213;(11) 95514-5028;cliente23@exemplo.com
24;Fernanda Lima;Rua das Flores, 123;(11) 92314-8978;cliente24@exemplo.com
25;Juliana Costa;Avenida Atlântica, 1617;(11) 96001-9926;cliente25@exemplo.com
26;Carlos Pereira;Praça da Sé, 789;(11) 97348-4894;cliente26@exemplo.com
27;Carlos Pereira;Avenida Brasil, 1213;(11) 96577-3151;cliente27@exemplo.com
28;Ana Souza;Avenida Paulista, 456;(11) 94626-2290;cliente28@exemplo.com
29;Maria Oliveira;Avenida Atlântica, 1617;(11) 92377-1600;cliente29@exemplo.com
30;Carlos Pereira;Rua da Consolação, 2223;(11) 92975-1354;cliente30@exemplo.com
31;Juliana Costa;Avenida Paulista, 456;(11) 93242-5096;cliente31@exemplo.com
32;Carlos Pereira;Avenida Paulista, 456;(11) 97904-8421;cliente32@exemplo.com
33;Maria Oliveira;Avenida Brasil, 1213;(11) 97605-5177;cliente33@exemplo.com
34;Carlos Pereira;Avenida Paulista, 456;(11) 93732-3379;cliente34@exemplo.com
35;Maria Oliveira;Avenida Ipiranga, 2021;(11) 92097-1782;cliente35@exemplo.com
36;João Silva;Rua das Flores, 123;(11) 97570-3918;cliente36@exemplo.com
37;Mariana Rocha;Rua Augusta, 1011;(11) 99871-4509;cliente37@exemplo.com
38;Carlos Pereira;Rua da Consolação, 2223;(11) 96529-7907;cliente38@exemplo.com
39;Paulo Almeida;Rua Augusta, 1011;(11) 96814-8509;cliente39@exemplo.com
40;Maria Oliveira;Rua das Flores, 123;(11) 99786-4844;cliente40@exemplo.com
41;Juliana Costa;Rua Augusta, 1011;(11) 98331-9507;cliente41@exemplo.com
42;Ana Souza;Avenida Brasil, 1213;(11) 91565-2120;cliente42@exemplo.com
43;Fernanda Lima;Rua das Flores, 123;(11) 91299-1845;cliente43@exemplo.com
44;Paulo Almeida;Rua das Flores, 123;(11) 98937-1952;cliente44@exemplo.com
45;Fernanda Lima;Avenida Atlântica, 1617;(11) 92832-1726;cliente45@exemplo.com
46;Fernanda Lima;Avenida Atlântica, 1617;(11) 98524-9030;cliente46@exemplo.com
47;João Silva;Avenida Ipiranga, 2021;(11) 91500-8303;cliente47@exemplo.com
48;Maria Oliveira;Rua da Consolação, 2223;(11) 98016-5445;cliente48@exemplo.com
49;Maria Oliveira;Rua das Palmeiras, 1819;(11) 97679-9552;cliente49@exemplo.com
50;Ana Souza;Avenida Brasil, 1213;(11) 97816-6178;cliente50@exemplo.com
51;Ana Souza;Avenida Ipiranga, 2021;(11) 98550-9292;cliente51@exemplo.com
52;Mariana Rocha;Rua das Flores, 123;(11) 98555-3454;cliente52@exemplo.com
53;Fernanda Lima;Rua da Consolação, 2223;(11) 92315-4886;cliente53@exemplo.com
54;Juliana Costa;Avenida Brasil, 1213;(11) 94503-2190;cliente54@exemplo.com
55;Ana Souza;Rua Augusta, 1011;(11) 92539-3603;cliente55@exemplo.com
56;Fernanda Lima;Rua das Flores, 123;(11) 99130-4398;cliente56@exemplo.com
57;Carlos Pereira;Rua Augusta, 1011;(11) 93360-4364;cliente57@exemplo.com
58;Maria Oliveira;Rua Augusta, 1011;(11) 96577-2886;cliente58@exemplo.com
59;Lucas Fernandes;Praça da Sé, 789;(11) 99047-2979;cliente59@exemplo.com
60;Maria Oliveira;Avenida Atlântica, 1617;(11) 91707-4086;cliente60@exemplo.com
61;Maria Oliveira;Rua Augusta, 1011;(11) 96350-3938;cliente61@exemplo.com
62;Fernanda Lima;Rua Augusta, 1011;(11) 99936-6547;cliente62@exemplo.com
63;Mariana Rocha;Avenida Paulista, 456;(11) 95448-7591;cliente63@exemplo.com
64;Mariana Rocha;Rua das Flores, 123;(11) 95023-2127;cliente64@exemplo.com
65;Mariana Rocha;Rua da Consolação, 2223;(11) 96957-5575;cliente65@exemplo.com
66;João Silva;Rua das Palmeiras, 1819;(11) 97686-2060;cliente66@exemplo.com
67;Maria Oliveira;Rua das Palmeiras, 1819;(11) 93943-1891;cliente67@exemplo.com
68;Paulo Almeida;Avenida Atlântica, 1617;(11) 93837-6741;cliente68@exemplo.com
69;Paulo Almeida;Avenida Ipiranga, 2021;(11) 92889-1292;cliente69@exemplo.com
70;Fernanda Lima;Avenida Ipiranga, 2021;(11) 98111-3081;cliente70@exemplo.com
71;Mariana Rocha;Praça da Sé, 789;(11) 93496-7486;cliente71@exemplo.com
72;Ana Souza;Rua das Flores, 123;(11) 99414-9426;cliente72@exemplo.com
73;Juliana Costa;Avenida Brasil, 1213;(11) 97638-9072;cliente73@exemplo.com
74;Carlos Pereira;Rua das Palmeiras, 1819;(11) 93483-1288;cliente74@exemplo.com
75;Paulo Almeida;Rua XV de Novembro, 1415;(11) 98141-8418;cliente75@exemplo.com
76;Lucas Fernandes;Avenida Atlântica, 1617;(11) 96902-8724;cliente76@exemplo.com
77;Maria Oliveira;Avenida Paulista, 456;(11) 91256-1658;cliente77@exemplo.com
78;Ana Souza;Rua da Consolação, 2223;(11) 92230-6093;cliente78@exemplo.com
79;Paulo Almeida;Avenida Atlântica, 1617;(11) 95033-3112;cliente79@exemplo.com
80;Maria Oliveira;Praça da Sé, 789;(11) 92030-3069;cliente80@exemplo.com
81;Mariana Rocha;Rua XV de Novembro, 1415;(11) 99495-9182;cliente81@exemplo.com
82;Juliana Costa;Rua XV de Novembro, 1415;(11) 92537-8574;cliente82@exemplo.com
83;Paulo Almeida;Rua das Palmeiras, 1819;(11) 99342-9741;cliente83@exemplo.com
84;Paulo Almeida;Rua Augusta, 1011;(11) 98153-5349;cliente84@exemplo.com
85;Juliana Costa;Praça da Sé, 789;(11) 95569-8583;cliente85@exemplo.com
86;Juliana Costa;Rua XV de Novembro, 1415;(11) 98169-4270;cliente86@exemplo.com
87;Maria Oliveira;Avenida Ipiranga, 2021;(11) 99024-5173;cliente87@exemplo.com
88;Ana Souza;Avenida Ipiranga, 2021;(11) 99450-6475;cliente88@exemplo.com
89;Mariana Rocha;Rua XV de Novembro, 1415;(11) 93029-1690;cliente89@exemplo.com
90;Carlos Pereira;Praça da Sé, 789;(11) 91115-5505;cliente90@exemplo.com
91;Fernanda Lima;Avenida Atlântica, 1617;(11) 97151-9605;cliente91@exemplo.com
92;Maria Oliveira;Avenida Ipiranga, 2021;(11) 94619-4337;cliente92@exemplo.com
93;João Silva;Rua das Flores, 123;(11) 99616-6806;cliente93@exemplo.com
94;João Silva;Avenida Brasil, 1213;(11) 91805-7686;cliente94@exemplo.com
95;João Silva;Avenida Atlântica, 1617;(11) 97744-2899;cliente95@exemplo.com
96;Juliana Costa;Rua XV de Novembro, 1415;(11) 93854-9573;cliente96@exemplo.com
97;Maria Oliveira;Rua Augusta, 1011;(11) 95619-6567;cliente97@exemplo.com
98;Pedro Santos;Rua das Palmeiras, 1819;(11) 92040-5030;cliente98@exemplo.com
99;Maria Oliveira;Rua das Flores, 123;(11) 96598-9540;cliente99@exemplo.com
100;Lucas Fernandes;Rua XV de Novembro, 1415;(11) 95619-5732;cliente100@exemplo.com
101;Maria Oliveira;Avenida Ipiranga, 2021;(11) 93286-9132;cliente101@exemplo.com
102;João Silva;Rua XV de Novembro, 1415;(11) 99083-5135;cliente102@exemplo.com
103;João Silva;Avenida Paulista, 456;(11) 98145-7612;cliente103@exemplo.com
104;Maria Oliveira;Rua das Palmeiras, 1819;(11) 96854-6546;cliente104@exemplo.com
105;João Silva;Rua das Palmeiras, 1819;(11) 97241-2161;cliente105@exemplo.com
106;Ana Souza;Rua da Consolação, 2223;(11) 93520-3868;cliente106@exemplo.com
107;Lucas Fernandes;Avenida Ipiranga, 2021;(11) 97375-8505;cliente107@exemplo.com
108;Pedro Santos;Rua das Palmeiras, 1819;(11) 94964-8135;cliente108@exemplo.com
109;Paulo Almeida;Rua das Palmeiras, 1819;(11) 97162-8834;cliente109@exemplo.com
110;Fernanda Lima;Rua da Consolação, 2223;(11) 98998-6945;cliente110@exemplo.com
111;Lucas Fernandes;Rua Augusta, 1011;(11) 96732-8389;cliente111@exemplo.com
112;Maria Oliveira;Rua das Palmeiras, 1819;(11) 93552-7152;cliente112@exemplo.com
113;João Silva;Rua Augusta, 1011;(11) 92139-7660;cliente113@exemplo.com
114;Juliana Costa;Avenida Paulista, 456;(11) 97480-1943;cliente114@exemplo.com
115;Lucas Fernandes;Avenida Paulista, 456;(11) 95270-4938;cliente115@exemplo.com
116;Maria Oliveira;Praça da Sé, 789;(11) 97658-8387;cliente116@exemplo.com
117;João Silva;Avenida Ipiranga, 2021;(11) 96049-6214;cliente117@exemplo.com
118;Fernanda Lima;Avenida Paulista, 456;(11) 91982-6684;cliente118@exemplo.com
119;Juliana Costa;Rua da Consolação, 2223;(11) 97716-3165;cliente119@exemplo.com
120;João Silva;Praça da Sé, 789;(11) 94946-3976;cliente120@exemplo.com
121;Ana Souza;Rua Augusta, 1011;(11) 94303-7016;cliente121@exemplo.com
122;Paulo Almeida;Rua das Flores, 123;(11) 99017-9855;cliente122@exemplo.com
123;Juliana Costa;Avenida Atlântica, 1617;(11) 93232-5283;cliente123@exemplo.com
124;João Silva;Avenida Paulista, 456;(11) 96725-9758;cliente124@exemplo.com
125;Lucas Fernandes;Praça da Sé, 789;(11) 91443-1958;cliente125@exemplo.com
126;Maria Oliveira;Rua da Consolação, 2223;(11) 96798-4847;cliente126@exemplo.com
127;Paulo Almeida;Avenida Brasil, 1213;(11) 94626-8116;cliente127@exemplo.com
128;Lucas Fernandes;Rua Augusta, 1011;(11) 96522-5897;cliente128@exemplo.com
129;Carlos Pereira;Rua Augusta, 1011;(11) 92777-7364;cliente129@exemplo.com
130;Mariana Rocha;Praça da Sé, 789;(11) 96442-2275;cliente130@exemplo.com
131;Juliana Costa;Rua das Flores, 123;(11) 92651-2420;cliente131@exemplo.com
132;Lucas Fernandes;Rua das Flores, 123;(11) 94437-2042;cliente132@exemplo.com
133;Paulo Almeida;Rua das Palmeiras, 1819;(11) 99637-3113;cliente133@exemplo.com
134;Mariana Rocha;Avenida Brasil, 1213;(11) 99714-4699;cliente134@exemplo.com
135;Juliana Costa;Rua das Palmeiras, 1819;(11) 97996-6681;cliente135@exemplo.com
136;Paulo Almeida;Avenida Ipiranga, 2021;(11) 99174-7421;cliente136@exemplo.com
137;João Silva;Rua das Palmeiras, 1819;(11) 97691-9886;cliente137@exemplo.com
138;Paulo Almeida;Avenida Paulista, 456;(11) 96844-8321;cliente138@exemplo.com
139;João Silva;Avenida Brasil, 1213;(11) 96920-7240;cliente139@exemplo.com
140;Pedro Santos;Rua das Palmeiras, 1819;(11) 99552-6403;cliente140@exemplo.com
141;Paulo Almeida;Praça da Sé, 789;(11) 97879-8454;cliente141@exemplo.com
142;Carlos Pereira;Avenida Ipiranga, 2021;(11) 95782-8663;cliente142@exemplo.com
143;Pedro Santos;Rua das Flores, 123;(11) 98606-9074;cliente143@exemplo.com
144;Juliana Costa;Avenida Paulista, 456;(11) 95961-9321;cliente144@exemplo.com
145;Maria Oliveira;Avenida Brasil, 1213;(11) 93734-1221;cliente145@exemplo.com
146;Mariana Rocha;Rua Augusta, 1011;(11) 99672-5982;cliente146@exemplo.com
147;Carlos Pereira;Avenida Atlântica, 1617;(11) 98866-2110;cliente147@exemplo.com
148;Carlos Pereira;Rua XV de Novembro, 1415;(11) 98642-1940;cliente148@exemplo.com
149;Fernanda Lima;Rua da Consolação, 2223;(11) 95352-3929;cliente149@exemplo.com
150;Carlos Pereira;Rua das Palmeiras, 1819;(11) 92798-8936;cliente150@exemplo.com
151;João Silva;Rua da Consolação, 2223;(11) 96382-9670;cliente151@exemplo.com
152;Fernanda Lima;Rua das Palmeiras, 1819;(11) 95787-6057;cliente152@exemplo.com
153;Carlos Pereira;Avenida Paulista, 456;(11) 96753-3854;cliente153@exemplo.com
154;Carlos Pereira;Praça da Sé, 789;(11) 94484-3023;cliente154@exemplo.com
155;Mariana Rocha;Avenida Atlântica, 1617;(11) 96302-3934;cliente155@exemplo.com
156;Ana Souza;Rua das Flores, 123;(11) 93573-5306;cliente156@exemplo.com
157;Pedro Santos;Avenida Paulista, 456;(11) 94165-2488;cliente157@exemplo.com
158;Mariana Rocha;Avenida Ipiranga, 2021;(11) 97752-9398;cliente158@exemplo.com
159;Pedro Santos;Avenida Ipiranga, 2021;(11) 96302-9681;cliente159@exemplo.com
160;Paulo Almeida;Avenida Ipiranga, 2021;(11) 99174-6276;cliente160@exemplo.com
161;Mariana Rocha;Praça da Sé, 789;(11) 98615-7380;cliente161@exemplo.com
162;Paulo Almeida;Avenida Brasil, 1213;(11) 95394-4021;cliente162@exemplo.com
163;Ana Souza;Rua das Palmeiras, 1819;(11) 97071-3925;cliente163@exemplo.com
164;Lucas Fernandes;Rua da Consolação, 2223;(11) 93968-3545;cliente164@exemplo.com
165;Paulo Almeida;Avenida Ipiranga, 2021;(11) 95419-7688;cliente165@exemplo.com
166;Fernanda Lima;Avenida Ipiranga, 2021;(11) 99528-5055;cliente166@exemplo.com
167;Pedro Santos;Avenida Brasil, 1213;(11) 93650-7103;cliente167@exemplo.com
168;Mariana Rocha;Avenida Paulista, 456;(11) 94372-4472;cliente168@exemplo.com
169;Ana Souza;Avenida Atlântica, 1617;(11) 98772-2093;cliente169@exemplo.com
170;Ana Souza;Avenida Brasil, 1213;(11) 97886-1040;cliente170@exemplo.com
171;Carlos Pereira;Rua XV de Novembro, 1415;(11) 92098-9276;cliente171@exemplo.com
172;Maria Oliveira;Rua Augusta, 1011;(11) 93948-5281;cliente172@exemplo.com
173;Lucas Fernandes;Avenida Ipiranga, 2021;(11) 98521-2824;cliente173@exemplo.com
174;Mariana Rocha;Avenida Ipiranga, 2021;(11) 92823-4743;cliente174@exemplo.com
175;Juliana Costa;Rua Augusta, 1011;(11) 94256-6308;cliente175@exemplo.com
176;Paulo Almeida;Rua da Consolação, 2223;(11) 92678-8649;cliente176@exemplo.com
177;Juliana Costa;Rua das Palmeiras, 1819;(11) 96326-4041;cliente177@exemplo.com
178;Maria Oliveira;Rua Augusta, 1011;(11) 99076-7424;cliente178@exemplo.com
179;Mariana Rocha;Rua das Flores, 123;(11) 94771-3326;cliente179@exemplo.com
180;Juliana Costa;Avenida Brasil, 1213;(11) 93759-6475;cliente180@exemplo.com
181;Mariana Rocha;Avenida Atlântica, 1617;(11) 97938-1594;cliente181@exemplo.com
182;Mariana Rocha;Avenida Atlântica, 1617;(11) 95478-6545;cliente182@exemplo.com
183;Lucas Fernandes;Rua XV de Novembro, 1415;(11) 97136-2054;cliente183@exemplo.com
184;Mariana Rocha;Rua da Consolação, 2223;(11) 91103-7117;cliente184@exemplo.com
185;Paulo Almeida;Rua Augusta, 1011;(11) 93554-7806;cliente185@exemplo.com
186;Maria Oliveira;Avenida Ipiranga, 2021;(11) 95889-7602;cliente186@exemplo.com
187;Paulo Almeida;Rua da Consolação, 2223;(11) 97267-1154;cliente187@exemplo.com
188;Pedro Santos;Avenida Paulista, 456;(11) 93644-7488;cliente188@exemplo.com
189;Juliana Costa;Avenida Ipiranga, 2021;(11) 99733-4775;cliente189@exemplo.com
190;Carlos Pereira;Rua das Flores, 123;(11) 96580-9399;cliente190@exemplo.com
191;Fernanda Lima;Praça da Sé, 789;(11) 99349-7316;cliente191@exemplo.com
192;Ana Souza;Rua das Palmeiras, 1819;(11) 94764-3350;cliente192@exemplo.com
193;Maria Oliveira;Rua das Flores, 123;(11) 93147-1467;cliente193@exemplo.com
194;Mariana Rocha;Rua XV de Novembro, 1415;(11) 97656-4327;cliente194@exemplo.com
195;Paulo Almeida;Avenida Paulista, 456;(11) 99815-8924;cliente195@exemplo.com
196;Carlos Pereira;Avenida Ipiranga, 2021;(11) 93845-3262;cliente196@exemplo.com
197;Paulo Almeida;Avenida Ipiranga, 2021;(11) 99569-7219;cliente197@exemplo.com
198;Mariana Rocha;Avenida Paulista, 456;(11) 92060-7154;cliente198@exemplo.com
199;Paulo Almeida;Rua da Consolação, 2223;(11) 97643-1232;cliente199@exemplo.com
200;Pedro Santos;Rua Augusta, 1011;(11) 95105-8511;cliente200@exemplo.com
201;Pedro Santos;Rua Augusta, 1011;(11) 97700-5346;cliente201@exemplo.com
202;Pedro Santos;Praça da Sé, 789;(11) 93379-5304;cliente202@exemplo.com
203;Fernanda Lima;Avenida Brasil, 1213;(11) 94228-2067;cliente203@exemplo.com
204;Juliana Costa;Avenida Paulista, 456;(11) 95121-8567;cliente204@exemplo.com
205;Mariana Rocha;Praça da Sé, 789;(11) 93076-8621;cliente205@exemplo.com
206;Ana Souza;Avenida Atlântica, 1617;(11) 98324-7423;cliente206@exemplo.com
207;Fernanda Lima;Avenida Paulista, 456;(11) 97297-7665;cliente207@exemplo.com
208;Carlos Pereira;Avenida Atlântica, 1617;(11) 99393-8423;cliente208@exemplo.com
209;Fernanda Lima;Rua das Palmeiras, 1819;(11) 96449-6714;cliente209@exemplo.com
210;Maria Oliveira;Avenida Ipiranga, 2021;(11) 98484-4606;cliente210@exemplo.com
211;Lucas Fernandes;Avenida Atlântica, 1617;(11) 95058-9304;cliente211@exemplo.com
212;Juliana Costa;Rua XV de Novembro, 1415;(11) 92221-1253;cliente212@exemplo.com
213;Mariana Rocha;Avenida Ipiranga, 2021;(11) 95431-2705;cliente213@exemplo.com
214;Paulo Almeida;Rua das Flores, 123;(11) 99349-8718;cliente214@exemplo.com
215;Paulo Almeida;Rua das Palmeiras, 1819;(11) 98770-5318;cliente215@exemplo.com
216;Paulo Almeida;Avenida Atlântica, 1617;(11) 94479-1408;cliente216@exemplo.com
217;Juliana Costa;Rua Augusta, 1011;(11) 91209-8362;cliente217@exemplo.com
218;Lucas Fernandes;Avenida Brasil, 1213;(11) 91930-4700;cliente218@exemplo.com
219;Lucas Fernandes;Rua Augusta, 1011;(11) 98379-5117;cliente219@exemplo.com
220;Pedro Santos;Praça da Sé, 789;(11) 97871-7643;cliente220@exemplo.com
221;Lucas Fernandes;Rua das Palmeiras, 1819;(11) 94197-9761;cliente221@exemplo.com
222;João Silva;Praça da Sé, 789;(11) 99702-2736;cliente222@exemplo.com
223;Paulo Almeida;Rua das Flores, 123;(11) 93937-1599;cliente223@exemplo.com
224;Carlos Pereira;Rua da Consolação, 2223;(11) 97710-4456;cliente224@exemplo.com
225;Lucas Fernandes;Rua da Consolação, 2223;(11) 98073-1555;cliente225@exemplo.com
226;Ana Souza;Avenida Atlântica, 1617;(11) 94390-9628;cliente226@exemplo.com
227;Ana Souza;Avenida Paulista, 456;(11) 95097-1746;cliente227@exemplo.com
228;João Silva;Praça da Sé, 789;(11) 98108-2508;cliente228@exemplo.com
229;João Silva;Avenida Atlântica, 1617;(11) 94196-7902;cliente229@exemplo.com
230;Paulo Almeida;Rua da Consolação, 2223;(11) 98697-1597;cliente230@exemplo.com
231;João Silva;Rua das Flores, 123;(11) 96294-1878;cliente231@exemplo.com
232;Fernanda Lima;Rua das Flores, 123;(11) 95005-3478;cliente232@exemplo.com
233;Ana Souza;Avenida Atlântica, 1617;(11) 92596-8942;cliente233@exemplo.com
234;Paulo Almeida;Praça da Sé, 789;(11) 99879-6133;cliente234@exemplo.com
235;Pedro Santos;Rua da Consolação, 2223;(11) 93089-1771;cliente235@exemplo.com
236;Juliana Costa;Rua da Consolação, 2223;(11) 97630-1064;cliente236@exemplo.com
237;Ana Souza;Rua da Consolação, 2223;(11) 98636-5752;cliente237@exemplo.com
238;Lucas Fernandes;Rua das Flores, 123;(11) 96705-5525;cliente238@exemplo.com
239;Fernanda Lima;Avenida Ipiranga, 2021;(11) 97702-4376;cliente239@exemplo.com
240;Paulo Almeida;Avenida Brasil, 1213;(11) 97441-4706;cliente240@exemplo.com
241;João Silva;Rua Augusta, 1011;(11) 93412-9314;cliente241@exemplo.com
242;Carlos Pereira;Avenida Brasil, 1213;(11) 91821-9583;cliente242@exemplo.com
243;Carlos Pereira;Rua das Flores, 123;(11) 99245-6690;cliente243@exemplo.com
244;Mariana Rocha;Rua das Flores, 123;(11) 95787-2536;cliente244@exemplo.com
245;Paulo Almeida;Praça da Sé, 789;(11) 91649-5039;cliente245@exemplo.com
246;Paulo Almeida;Praça da Sé, 789;(11) 99120-4876;cliente246@exemplo.com
247;Carlos Pereira;Rua Augusta, 1011;(11) 93273-3277;cliente247@exemplo.com
248;Mariana Rocha;Avenida Paulista, 456;(11) 93872-8793;cliente248@exemplo.com
249;Maria Oliveira;Rua da Consolação, 2223;(11) 99010-3702;cliente249@exemplo.com
250;Lucas Fernandes;Rua Augusta, 1011;(11) 91957-5287;cliente250@exemplo.com
251;Juliana Costa;Rua da Consolação, 2223;(11) 96465-8197;cliente251@exemplo.com
252;Pedro Santos;Avenida Paulista, 456;(11) 96384-8397;cliente252@exemplo.com
253;João Silva;Rua das Flores, 123;(11) 94112-1236;cliente253@exemplo.com
254;João Silva;Avenida Brasil, 1213;(11) 98953-1744;cliente254@exemplo.com
255;Maria Oliveira;Avenida Atlântica, 1617;(11) 93856-6332;cliente255@exemplo.com
256;Fernanda Lima;Avenida Ipiranga, 2021;(11) 98552-4629;cliente256@exemplo.com
257;Juliana Costa;Rua da Consolação, 2223;(11) 94632-9310;cliente257@exemplo.com
258;Ana Souza;Rua das Palmeiras, 1819;(11) 94980-8187;cliente258@exemplo.com
259;Pedro Santos;Praça da Sé, 789;(11) 93337-5803;cliente259@exemplo.com
260;Paulo Almeida;Rua da Consolação, 2223;(11) 93055-5505;cliente260@exemplo.com
261;Lucas Fernandes;Rua da Consolação, 2223;(11) 97178-7286;cliente261@exemplo.com
262;Paulo Almeida;Avenida Atlântica, 1617;(11) 98022-6375;cliente262@exemplo.com
263;Carlos Pereira;Avenida Atlântica, 1617;(11) 99425-4316;cliente263@exemplo.com
264;Ana Souza;Rua Augusta, 1011;(11) 94751-4390;cliente264@exemplo.com
265;Juliana Costa;Avenida Atlântica, 1617;(11) 98570-3601;cliente265@exemplo.com
266;Paulo Almeida;Avenida Atlântica, 1617;(11) 95992-8731;cliente266@exemplo.com
267;Maria Oliveira;Avenida Atlântica, 1617;(11) 93132-5076;cliente267@exemplo.com
268;Mariana Rocha;Avenida Atlântica, 1617;(11) 94349-4330;cliente268@exemplo.com
269;João Silva;Rua da Consolação, 2223;(11) 96348-4619;cliente269@exemplo.com
270;Fernanda Lima;Avenida Atlântica, 1617;(11) 91353-8730;cliente270@exemplo.com
271;Lucas Fernandes;Avenida Paulista, 456;(11) 91602-9456;cliente271@exemplo.com
272;João Silva;Rua XV de Novembro, 1415;(11) 97344-4161;cliente272@exemplo.com
273;Pedro Santos;Praça da Sé, 789;(11) 91112-2077;cliente273@exemplo.com
274;Lucas Fernandes;Avenida Paulista, 456;(11) 98783-4718;cliente274@exemplo.com
275;Fernanda Lima;Rua da Consolação, 2223;(11) 94017-5979;cliente275@exemplo.com
276;Carlos Pereira;Rua das Palmeiras, 1819;(11) 96237-5970;cliente276@exemplo.com
277;Paulo Almeida;Avenida Paulista, 456;(11) 91404-1411;cliente277@exemplo.com
278;João Silva;Rua das Palmeiras, 1819;(11) 92017-8220;cliente278@exemplo.com
279;Maria Oliveira;Rua XV de Novembro, 1415;(11) 92681-7317;cliente279@exemplo.com
280;Pedro Santos;Avenida Brasil, 1213;(11) 96322-8771;cliente280@exemplo.com
281;Maria Oliveira;Rua da Consolação, 2223;(11) 97297-1077;cliente281@exemplo.com
282;Mariana Rocha;Rua da Consolação, 2223;(11) 98589-5837;cliente282@exemplo.com
283;Lucas Fernandes;Rua das Palmeiras, 1819;(11) 97936-3003;cliente283@exemplo.com
284;Juliana Costa;Avenida Paulista, 456;(11) 96310-7869;cliente284@exemplo.com
285;João Silva;Avenida Atlântica, 1617;(11) 91030-2926;cliente285@exemplo.com
286;Carlos Pereira;Rua da Consolação, 2223;(11) 99191-9902;cliente286@exemplo.com
287;João Silva;Avenida Paulista, 456;(11) 98422-9732;cliente287@exemplo.com
288;Juliana Costa;Avenida Brasil, 1213;(11) 99862-3943;cliente288@exemplo.com
289;Maria Oliveira;Avenida Atlântica, 1617;(11) 98076-3719;cliente289@exemplo.com
290;Maria Oliveira;Avenida Paulista, 456;(11) 95417-6916;cliente290@exemplo.com
291;Lucas Fernandes;Rua da Consolação, 2223;(11) 93075-5561;cliente291@exemplo.com
292;Juliana Costa;Rua das Palmeiras, 1819;(11) 95831-1536;cliente292@exemplo.com
293;João Silva;Rua das Flores, 123;(11) 95404-8659;cliente293@exemplo.com
294;Fernanda Lima;Rua das Palmeiras, 1819;(11) 92271-2926;cliente294@exemplo.com
295;Ana Souza;Rua das Flores, 123;(11) 98825-3563;cliente295@exemplo.com
296;João Silva;Avenida Ipiranga, 2021;(11) 92151-1408;cliente296@exemplo.com
297;Carlos Pereira;Rua da Consolação, 2223;(11) 98753-5089;cliente297@exemplo.com
298;Juliana Costa;Rua das Palmeiras, 1819;(11) 95054-1727;cliente298@exemplo.com
299;Pedro Santos;Rua da Consolação, 2223;(11) 98443-8790;cliente299@exemplo.com
300;João Silva;Praça da Sé, 789;(11) 95674-9195;cliente300@exemplo.com
301;Paulo Almeida;Rua XV de Novembro, 1415;(11) 96184-6175;cliente301@exemplo.com
302;Mariana Rocha;Rua Augusta, 1011;(11) 98024-1105;cliente302@exemplo.com
303;Maria Oliveira;Avenida Ipiranga, 2021;(11) 94597-4994;cliente303@exemplo.com
304;Ana Souza;Rua XV de Novembro, 1415;(11) 92129-2945;cliente304@exemplo.com
305;Mariana Rocha;Rua das Palmeiras, 1819;(11) 92012-3324;cliente305@exemplo.com
306;Juliana Costa;Avenida Ipiranga, 2021;(11) 98312-7345;cliente306@exemplo.com
307;Ana Souza;Rua da Consolação, 2223;(11) 98936-4268;cliente307@exemplo.com
308;Pedro Santos;Rua das Flores, 123;(11) 96375-2711;cliente308@exemplo.com
309;Ana Souza;Rua das Flores, 123;(11) 96762-2781;cliente309@exemplo.com
310;Fernanda Lima;Avenida Brasil, 1213;(11) 96545-9153;cliente310@exemplo.com
311;Paulo Almeida;Rua Augusta, 1011;(11) 94875-1071;cliente311@exemplo.com
312;Ana Souza;Rua das Flores, 123;(11) 98013-5225;cliente312@exemplo.com
313;Fernanda Lima;Rua XV de Novembro, 1415;(11) 98383-3370;cliente313@exemplo.com
314;Maria Oliveira;Avenida Atlântica, 1617;(11) 97075-1164;cliente314@exemplo.com
315;João Silva;Rua das Flores, 123;(11) 95952-6163;cliente315@exemplo.com
316;Ana Souza;Praça da Sé, 789;(11) 96470-3883;cliente316@exemplo.com
317;Mariana Rocha;Praça da Sé, 789;(11) 99713-8115;cliente317@exemplo.com
318;Fernanda Lima;Avenida Paulista, 456;(11) 97258-9060;cliente318@exemplo.com
319;João Silva;Rua das Palmeiras, 1819;(11) 91977-5625;cliente319@exemplo.com
320;Paulo Almeida;Rua Augusta, 1011;(11) 92729-3222;cliente320@exemplo.com
321;Pedro Santos;Praça da Sé, 789;(11) 92208-4733;cliente321@exemplo.com
322;Lucas Fernandes;Rua das Flores, 123;(11) 94552-5967;cliente322@exemplo.com
323;Maria Oliveira;Rua da Consolação, 2223;(11) 91132-1696;cliente323@exemplo.com
324;Pedro Santos;Rua das Palmeiras, 1819;(11) 92307-8607;cliente324@exemplo.com
325;Paulo Almeida;Rua das Flores, 123;(11) 94145-4314;cliente325@exemplo.com
326;Mariana Rocha;Rua Augusta, 1011;(11) 97172-5879;cliente326@exemplo.com
327;Lucas Fernandes;Avenida Atlântica, 1617;(11) 91440-7078;cliente327@exemplo.com
328;Pedro Santos;Rua XV de Novembro, 1415;(11) 93546-3764;cliente328@exemplo.com
329;Juliana Costa;Praça da Sé, 789;(11) 96998-5549;cliente329@exemplo.com
330;Fernanda Lima;Praça da Sé, 789;(11) 98498-7210;cliente330@exemplo.com
331;Juliana Costa;Avenida Brasil, 1213;(11) 98248-5146;cliente331@exemplo.com
332;Carlos Pereira;Avenida Atlântica, 1617;(11) 92631-9250;cliente332@exemplo.com
333;João Silva;Rua XV de Novembro, 1415;(11) 98982-3267;cliente333@exemplo.com
334;Paulo Almeida;Rua da Consolação, 2223;(11) 99518-6130;cliente334@exemplo.com
335;Fernanda Lima;Rua XV de Novembro, 1415;(11) 95920-8403;cliente335@exemplo.com
336;Ana Souza;Avenida Atlântica, 1617;(11) 98495-4301;cliente336@exemplo.com
337;Mariana Rocha;Avenida Brasil, 1213;(11) 93367-7426;cliente337@exemplo.com
338;João Silva;Avenida Brasil, 1213;(11) 97177-8250;cliente338@exemplo.com
339;Maria Oliveira;Avenida Ipiranga, 2021;(11) 97635-4732;cliente339@exemplo.com
340;Lucas Fernandes;Avenida Atlântica, 1617;(11) 95828-6782;cliente340@exemplo.com
341;Fernanda Lima;Rua da Consolação, 2223;(11) 98190-6398;cliente341@exemplo.com
342;Carlos Pereira;Avenida Paulista, 456;(11) 95558-4674;cliente342@exemplo.com
343;João Silva;Rua da Consolação, 2223;(11) 94866-7586;cliente343@exemplo.com
344;Mariana Rocha;Rua das Flores, 123;(11) 94310-6375;cliente344@exemplo.com
345;Paulo Almeida;Avenida Brasil, 1213;(11) 96580-3298;cliente345@exemplo.com
346;João Silva;Rua das Flores, 123;(11) 96287-1363;cliente346@exemplo.com
347;Pedro Santos;Rua Augusta, 1011;(11) 91416-7112;cliente347@exemplo.com
348;Fernanda Lima;Rua da Consolação, 2223;(11) 96617-4922;cliente348@exemplo.com
349;Lucas Fernandes;Rua XV de Novembro, 1415;(11) 91408-8258;cliente349@exemplo.com
350;Lucas Fernandes;Avenida Paulista, 456;(11) 98520-4932;cliente350@exemplo.com
351;Pedro Santos;Avenida Ipiranga, 2021;(11) 99534-5994;cliente351@exemplo.com
352;Lucas Fernandes;Rua das Palmeiras, 1819;(11) 97598-9000;cliente352@exemplo.com
353;Pedro Santos;Praça da Sé, 789;(11) 95299-3895;cliente353@exemplo.com
354;Ana Souza;Avenida Brasil, 1213;(11) 92056-2647;cliente354@exemplo.com
355;Carlos Pereira;Avenida Ipiranga, 2021;(11) 96425-5135;cliente355@exemplo.com
356;Juliana Costa;Avenida Brasil, 1213;(11) 95095-6457;cliente356@exemplo.com
357;Lucas Fernandes;Avenida Ipiranga, 2021;(11) 99017-7598;cliente357@exemplo.com
358;Fernanda Lima;Rua Augusta, 1011;(11) 99401-7902;cliente358@exemplo.com
359;Maria Oliveira;Praça da Sé, 789;(11) 97220-6881;cliente359@exemplo.com
360;Carlos Pereira;Avenida Brasil, 1213;(11) 95688-5437;cliente360@exemplo.com
361;João Silva;Avenida Paulista, 456;(11) 96631-5139;cliente361@exemplo.com
362;Juliana Costa;Rua XV de Novembro, 1415;(11) 92462-1410;cliente362@exemplo.com
363;Carlos Pereira;Rua das Palmeiras, 1819;(11) 91470-4716;cliente363@exemplo.com
364;Maria Oliveira;Avenida Ipiranga, 2021;(11) 94909-8575;cliente364@exemplo.com
365;Paulo Almeida;Rua da Consolação, 2223;(11) 97370-2913;cliente365@exemplo.com
366;Carlos Pereira;Rua Augusta, 1011;(11) 98511-3048;cliente366@exemplo.com
367;Carlos Pereira;Rua da Consolação, 2223;(11) 92612-7834;cliente367@exemplo.com
368;Ana Souza;Rua XV de Novembro, 1415;(11) 92099-1142;cliente368@exemplo.com
369;Pedro Santos;Avenida Paulista, 456;(11) 91825-5753;cliente369@exemplo.com
370;Fernanda Lima;Avenida Atlântica, 1617;(11) 93632-6068;cliente370@exemplo.com
371;Fernanda Lima;Avenida Ipiranga, 2021;(11) 96151-2790;cliente371@exemplo.com
372;Pedro Santos;Praça da Sé, 789;(11) 99952-6219;cliente372@exemplo.com
373;Pedro Santos;Avenida Atlântica, 1617;(11) 95066-1031;cliente373@exemplo.com
374;João Silva;Praça da Sé, 789;(11) 92147-2587;cliente374@exemplo.com
375;Ana Souza;Avenida Atlântica, 1617;(11) 98711-8360;cliente375@exemplo.com
376;Fernanda Lima;Avenida Ipiranga, 2021;(11) 92292-6054;cliente376@exemplo.com
377;Fernanda Lima;Avenida Ipiranga, 2021;(11) 95085-8127;cliente377@exemplo.com
378;Ana Souza;Praça da Sé, 789;(11) 95579-8509;cliente378@exemplo.com
379;Juliana Costa;Rua da Consolação, 2223;(11) 95693-5709;cliente379@exemplo.com
380;Fernanda Lima;Rua da Consolação, 2223;(11) 91231-1707;cliente380@exemplo.com
381;Ana Souza;Avenida Paulista, 456;(11) 97602-9224;cliente381@exemplo.com
382;Carlos Pereira;Rua Augusta, 1011;(11) 94400-2513;cliente382@exemplo.com
383;Paulo Almeida;Rua das Palmeiras, 1819;(11) 95918-2770;cliente383@exemplo.com
384;João Silva;Avenida Atlântica, 1617;(11) 99704-7225;cliente384@exemplo.com
385;Lucas Fernandes;Avenida Paulista, 456;(11) 97862-5847;cliente385@exemplo.com
386;Mariana Rocha;Avenida Brasil, 1213;(11) 94394-5595;cliente386@exemplo.com
387;João Silva;Rua XV de Novembro, 1415;(11) 94641-8152;cliente387@exemplo.com
388;Pedro Santos;Rua da Consolação, 2223;(11) 94110-4079;cliente388@exemplo.com
389;Paulo Almeida;Rua Augusta, 1011;(11) 91419-2175;cliente389@exemplo.com
390;Juliana Costa;Praça da Sé, 789;(11) 97686-3721;cliente390@exemplo.com
391;Pedro Santos;Avenida Brasil, 1213;(11) 92389-4714;cliente391@exemplo.com
392;Mariana Rocha;Rua das Flores, 123;(11) 93476-2912;cliente392@exemplo.com
393;Fernanda Lima;Rua das Flores, 123;(11) 94407-5296;cliente393@exemplo.com
394;Ana Souza;Rua Augusta, 1011;(11) 91278-2863;cliente394@exemplo.com
395;Fernanda Lima;Rua Augusta, 1011;(11) 98039-8203;cliente395@exemplo.com
396;Maria Oliveira;Avenida Brasil, 1213;(11) 96184-7882;cliente396@exemplo.com
397;Mariana Rocha;Rua Augusta, 1011;(11) 98726-9500;cliente397@exemplo.com
398;João Silva;Avenida Ipiranga, 2021;(11) 96649-6490;cliente398@exemplo.com
399;João Silva;Rua das Flores, 123;(11) 97401-3578;cliente399@exemplo.com
400;Fernanda Lima;Avenida Brasil, 1213;(11) 91969-7301;cliente400@exemplo.com
401;Mariana Rocha;Avenida Brasil, 1213;(11) 96599-6186;cliente401@exemplo.com
402;Maria Oliveira;Rua Augusta, 1011;(11) 93024-8772;cliente402@exemplo.com
403;Lucas Fernandes;Rua XV de Novembro, 1415;(11) 92848-4704;cliente403@exemplo.com
404;Maria Oliveira;Rua das Palmeiras, 1819;(11) 94621-1386;cliente404@exemplo.com
405;Juliana Costa;Praça da Sé, 789;(11) 93098-6174;cliente405@exemplo.com
406;Ana Souza;Rua das Flores, 123;(11) 97883-1905;cliente406@exemplo.com
407;Lucas Fernandes;Rua das Palmeiras, 1819;(11) 96981-3772;cliente407@exemplo.com
408;João Silva;Rua da Consolação, 2223;(11) 97187-3006;cliente408@exemplo.com
409;Pedro Santos;Avenida Ipiranga, 2021;(11) 92678-8141;cliente409@exemplo.com
410;Mariana Rocha;Rua das Palmeiras, 1819;(11) 99588-4553;cliente410@exemplo.com
411;Carlos Pereira;Avenida Paulista, 456;(11) 93374-7996;cliente411@exemplo.com
412;Paulo Almeida;Praça da Sé, 789;(11) 94060-3547;cliente412@exemplo.com
413;Fernanda Lima;Rua da Consolação, 2223;(11) 98553-6098;cliente413@exemplo.com
414;Pedro Santos;Avenida Atlântica, 1617;(11) 95183-3012;cliente414@exemplo.com
415;Carlos Pereira;Rua da Consolação, 2223;(11) 95226-6165;cliente415@exemplo.com
416;Lucas Fernandes;Rua da Consolação, 2223;(11) 95224-7187;cliente416@exemplo.com
417;Fernanda Lima;Praça da Sé, 789;(11) 99255-6026;cliente417@exemplo.com
418;Maria Oliveira;Avenida Paulista, 456;(11) 95739-7655;cliente418@exemplo.com
419;Maria Oliveira;Praça da Sé, 789;(11) 97707-6318;cliente419@exemplo.com
420;Pedro Santos;Avenida Brasil, 1213;(11) 95678-9027;cliente420@exemplo.com
421;João Silva;Avenida Brasil, 1213;(11) 94307-2645;cliente421@exemplo.com
422;Lucas Fernandes;Avenida Ipiranga, 2021;(11) 93446-7777;cliente422@exemplo.com
423;Carlos Pereira;Rua das Palmeiras, 1819;(11) 98431-8937;cliente423@exemplo.com
424;Pedro Santos;Rua Augusta, 1011;(11) 94953-5597;cliente424@exemplo.com
425;Lucas Fernandes;Avenida Atlântica, 1617;(11) 93897-2295;cliente425@exemplo.com
426;Ana Souza;Avenida Atlântica, 1617;(11) 96491-7289;cliente426@exemplo.com
427;Maria Oliveira;Avenida Ipiranga, 2021;(11) 95948-7121;cliente427@exemplo.com
428;Carlos Pereira;Rua das Palmeiras, 1819;(11) 96992-4702;cliente428@exemplo.com
429;Mariana Rocha;Avenida Atlântica, 1617;(11) 91973-3719;cliente429@exemplo.com
430;Carlos Pereira;Avenida Ipiranga, 2021;(11) 91827-5106;cliente430@exemplo.com
431;Maria Oliveira;Avenida Ipiranga, 2021;(11) 99707-8925;cliente431@exemplo.com
432;Lucas Fernandes;Avenida Atlântica, 1617;(11) 91104-2604;cliente432@exemplo.com
433;Fernanda Lima;Praça da Sé, 789;(11) 99928-5756;cliente433@exemplo.com
434;Juliana Costa;Rua das Palmeiras, 1819;(11) 94339-1041;cliente434@exemplo.com
435;Paulo Almeida;Avenida Paulista, 456;(11) 92233-2882;cliente435@exemplo.com
436;Maria Oliveira;Rua Augusta, 1011;(11) 99214-2543;cliente436@exemplo.com
437;Fernanda Lima;Rua da Consolação, 2223;(11) 95412-5797;cliente437@exemplo.com
438;Lucas Fernandes;Rua XV de Novembro, 1415;(11) 94232-2498;cliente438@exemplo.com
439;Carlos Pereira;Rua da Consolação, 2223;(11) 93553-4140;cliente439@exemplo.com
440;Paulo Almeida;Avenida Paulista, 456;(11) 95709-7324;cliente440@exemplo.com
441;Lucas Fernandes;Rua XV de Novembro, 1415;(11) 98122-2980;cliente441@exemplo.com
442;João Silva;Rua das Palmeiras, 1819;(11) 94275-8607;cliente442@exemplo.com
443;Juliana Costa;Rua da Consolação, 2223;(11) 91967-3028;cliente443@exemplo.com
444;Juliana Costa;Rua das Palmeiras, 1819;(11) 93962-2384;cliente444@exemplo.com
445;Paulo Almeida;Rua Augusta, 1011;(11) 93364-3705;cliente445@exemplo.com
446;Lucas Fernandes;Avenida Paulista, 456;(11) 99595-3188;cliente446@exemplo.com
447;Carlos Pereira;Avenida Ipiranga, 2021;(11) 93356-7498;cliente447@exemplo.com
448;Lucas Fernandes;Avenida Paulista, 456;(11) 99340-2215;cliente448@exemplo.com
449;Juliana Costa;Avenida Brasil, 1213;(11) 95428-5336;cliente449@exemplo.com
450;Lucas Fernandes;Rua Augusta, 1011;(11) 96929-4741;cliente450@exemplo.com
451;João Silva;Avenida Paulista, 456;(11) 98893-3903;cliente451@exemplo.com
452;Ana Souza;Rua Augusta, 1011;(11) 94418-4926;cliente452@exemplo.com
453;Maria Oliveira;Rua Augusta, 1011;(11) 93656-4077;cliente453@exemplo.com
454;Carlos Pereira;Avenida Atlântica, 1617;(11) 98112-1017;cliente454@exemplo.com
455;Paulo Almeida;Rua das Palmeiras, 1819;(11) 94448-5962;cliente455@exemplo.com
456;Mariana Rocha;Avenida Brasil, 1213;(11) 91378-3830;cliente456@exemplo.com
457;Paulo Almeida;Avenida Ipiranga, 2021;(11) 91367-9939;cliente457@exemplo.com
458;Ana Souza;Avenida Atlântica, 1617;(11) 98418-8004;cliente458@exemplo.com
459;Ana Souza;Praça da Sé, 789;(11) 92992-7591;cliente459@exemplo.com
460;Juliana Costa;Avenida Ipiranga, 2021;(11) 95736-5618;cliente460@exemplo.com
461;Mariana Rocha;Rua das Flores, 123;(11) 96802-1312;cliente461@exemplo.com
462;Paulo Almeida;Rua das Palmeiras, 1819;(11) 95721-8742;cliente462@exemplo.com
463;Mariana Rocha;Rua da Consolação, 2223;(11) 92425-4595;cliente463@exemplo.com
464;Maria Oliveira;Rua XV de Novembro, 1415;(11) 93610-6003;cliente464@exemplo.com
465;Carlos Pereira;Rua Augusta, 1011;(11) 91987-6275;cliente465@exemplo.com
466;Paulo Almeida;Rua da Consolação, 2223;(11) 98010-5864;cliente466@exemplo.com
467;Fernanda Lima;Rua XV de Novembro, 1415;(11) 93611-3761;cliente467@exemplo.com
468;Paulo Almeida;Rua XV de Novembro, 1415;(11) 94318-1408;cliente468@exemplo.com
469;Carlos Pereira;Rua da Consolação, 2223;(11) 91022-6728;cliente469@exemplo.com
470;Paulo Almeida;Rua das Palmeiras, 1819;(11) 96590-2119;cliente470@exemplo.com
471;Carlos Pereira;Avenida Paulista, 456;(11) 98769-9543;cliente471@exemplo.com
472;Maria Oliveira;Avenida Brasil, 1213;(11) 93593-2179;cliente472@exemplo.com
473;Juliana Costa;Rua das Palmeiras, 1819;(11) 96839-4069;cliente473@exemplo.com
474;Mariana Rocha;Rua das Palmeiras, 1819;(11) 98487-1428;cliente474@exemplo.com
475;Carlos Pereira;Praça da Sé, 789;(11) 96682-1111;cliente475@exemplo.com
476;Juliana Costa;Avenida Paulista, 456;(11) 94883-5423;cliente476@exemplo.com
477;Paulo Almeida;Avenida Ipiranga, 2021;(11) 97836-6814;cliente477@exemplo.com
478;Paulo Almeida;Avenida Paulista, 456;(11) 94545-4499;cliente478@exemplo.com
479;Pedro Santos;Rua XV de Novembro, 1415;(11) 98894-8142;cliente479@exemplo.com
480;Fernanda Lima;Rua XV de Novembro, 1415;(11) 96463-5273;cliente480@exemplo.com
481;Juliana Costa;Avenida Paulista, 456;(11) 94144-7873;cliente481@exemplo.com
482;Maria Oliveira;Avenida Brasil, 1213;(11) 97967-6343;cliente482@exemplo.com
483;Carlos Pereira;Rua das Flores, 123;(11) 97270-9725;cliente483@exemplo.com
484;Lucas Fernandes;Rua Augusta, 1011;(11) 92100-4587;cliente484@exemplo.com
485;Ana Souza;Rua XV de Novembro, 1415;(11) 93785-6056;cliente485@exemplo.com
486;João Silva;Rua Augusta, 1011;(11) 95377-3584;cliente486@exemplo.com
487;Juliana Costa;Rua da Consolação, 2223;(11) 94786-2364;cliente487@exemplo.com
488;Ana Souza;Rua XV de Novembro, 1415;(11) 92946-6625;cliente488@exemplo.com
489;Pedro Santos;Avenida Paulista, 456;(11) 97214-3953;cliente489@exemplo.com
490;Ana Souza;Rua Augusta, 1011;(11) 91139-2238;cliente490@exemplo.com
491;Carlos Pereira;Avenida Ipiranga, 2021;(11) 91664-6836;cliente491@exemplo.com
492;Carlos Pereira;Rua da Consolação, 2223;(11) 96182-3865;cliente492@exemplo.com
493;Ana Souza;Avenida Brasil, 1213;(11) 92873-5252;cliente493@exemplo.com
494;Carlos Pereira;Rua da Consolação, 2223;(11) 95325-6094;cliente494@exemplo.com
495;Pedro Santos;Rua da Consolação, 2223;(11) 95520-7409;cliente495@exemplo.com
496;Carlos Pereira;Avenida Brasil, 1213;(11) 95528-4486;cliente496@exemplo.com
497;Juliana Costa;Avenida Atlântica, 1617;(11) 97788-3315;cliente497@exemplo.com
498;Lucas Fernandes;Rua XV de Novembro, 1415;(11) 95824-5635;cliente498@exemplo.com
499;Pedro Santos;Avenida Ipiranga, 2021;(11) 93969-8346;cliente499@exemplo.com
500;Carlos Pereira;Rua Augusta, 1011;(11) 94954-8881;cliente500@exemplo.com
501;Carlos Pereira;Praça da Sé, 789;(11) 96144-3817;cliente501@exemplo.com
502;Fernanda Lima;Avenida Ipiranga, 2021;(11) 97863-9487;cliente502@exemplo.com
503;João Silva;Rua Augusta, 1011;(11) 94673-3705;cliente503@exemplo.com
504;Mariana Rocha;Avenida Paulista, 456;(11) 92864-8372;cliente504@exemplo.com
505;Fernanda Lima;Rua Augusta, 1011;(11) 97644-2739;cliente505@exemplo.com
506;Maria Oliveira;Rua XV de Novembro, 1415;(11) 93313-1327;cliente506@exemplo.com
507;Fernanda Lima;Avenida Brasil, 1213;(11) 98968-5158;cliente507@exemplo.com
508;Fernanda Lima;Praça da Sé, 789;(11) 99214-2618;cliente508@exemplo.com
509;João Silva;Rua Augusta, 1011;(11) 93803-3855;cliente509@exemplo.com
510;Ana Souza;Rua das Flores, 123;(11) 96589-8455;cliente510@exemplo.com
511;Pedro Santos;Rua Augusta, 1011;(11) 97802-5039;cliente511@exemplo.com
512;Paulo Almeida;Rua das Palmeiras, 1819;(11) 99657-3780;cliente512@exemplo.com
513;Carlos Pereira;Rua das Palmeiras, 1819;(11) 94599-1208;cliente513@exemplo.com
514;Ana Souza;Rua XV de Novembro, 1415;(11) 94472-9472;cliente514@exemplo.com
515;João Silva;Praça da Sé, 789;(11) 93652-4762;cliente515@exemplo.com
516;Carlos Pereira;Rua Augusta, 1011;(11) 94655-6726;cliente516@exemplo.com
517;Pedro Santos;Rua das Flores, 123;(11) 96413-2964;cliente517@exemplo.com
518;João Silva;Avenida Paulista, 456;(11) 92661-6750;cliente518@exemplo.com
519;Lucas Fernandes;Rua das Flores, 123;(11) 95520-9671;cliente519@exemplo.com
520;Juliana Costa;Rua das Flores, 123;(11) 97878-3980;cliente520@exemplo.com
521;João Silva;Praça da Sé, 789;(11) 91394-4133;cliente521@exemplo.com
522;Lucas Fernandes;Praça da Sé, 789;(11) 95310-5130;cliente522@exemplo.com
523;Pedro Santos;Rua da Consolação, 2223;(11) 99023-1927;cliente523@exemplo.com
524;Lucas Fernandes;Praça da Sé, 789;(11) 99936-6802;cliente524@exemplo.com
525;Lucas Fernandes;Rua das Flores, 123;(11) 92915-7141;cliente525@exemplo.com
526;Paulo Almeida;Avenida Atlântica, 1617;(11) 98638-3736;cliente526@exemplo.com
527;Paulo Almeida;Avenida Brasil, 1213;(11) 91422-3466;cliente527@exemplo.com
528;Fernanda Lima;Avenida Paulista, 456;(11) 92351-7178;cliente528@exemplo.com
529;Fernanda Lima;Rua Augusta, 1011;(11) 95914-5166;cliente529@exemplo.com
530;Mariana Rocha;Avenida Atlântica, 1617;(11) 93936-8624;cliente530@exemplo.com
531;Juliana Costa;Rua Augusta, 1011;(11) 91894-7845;cliente531@exemplo.com
532;Pedro Santos;Avenida Ipiranga, 2021;(11) 92709-7095;cliente532@exemplo.com
533;Maria Oliveira;Avenida Atlântica, 1617;(11) 92952-9706;cliente533@exemplo.com
534;Maria Oliveira;Rua XV de Novembro, 1415;(11) 94557-5180;cliente534@exemplo.com
535;João Silva;Avenida Ipiranga, 2021;(11) 92594-6394;cliente535@exemplo.com
536;Juliana Costa;Praça da Sé, 789;(11) 99219-6486;cliente536@exemplo.com
537;Mariana Rocha;Avenida Paulista, 456;(11) 96096-8915;cliente537@exemplo.com
538;Pedro Santos;Avenida Ipiranga, 2021;(11) 95944-9838;cliente538@exemplo.com
539;Lucas Fernandes;Rua Augusta, 1011;(11) 97124-9012;cliente539@exemplo.com
540;Pedro Santos;Praça da Sé, 789;(11) 95423-7707;cliente540@exemplo.com
541;Maria Oliveira;Praça da Sé, 789;(11) 99035-4976;cliente541@exemplo.com
542;Ana Souza;Rua Augusta, 1011;(11) 93148-8208;cliente542@exemplo.com
543;Juliana Costa;Rua da Consolação, 2223;(11) 94307-4527;cliente543@exemplo.com
544;Maria Oliveira;Rua das Palmeiras, 1819;(11) 98944-5714;cliente544@exemplo.com
545;Maria Oliveira;Avenida Paulista, 456;(11) 91027-6580;cliente545@exemplo.com
546;Mariana Rocha;Avenida Paulista, 456;(11) 95507-5391;cliente546@exemplo.com
547;Carlos Pereira;Rua das Flores, 123;(11) 92549-5390;cliente547@exemplo.com
548;Ana Souza;Rua das Palmeiras, 1819;(11) 93891-5805;cliente548@exemplo.com
549;Fernanda Lima;Rua das Palmeiras, 1819;(11) 98983-2844;cliente549@exemplo.com
550;Paulo Almeida;Rua das Palmeiras, 1819;(11) 94191-2958;cliente550@exemplo.com
551;Maria Oliveira;Rua Augusta, 1011;(11) 93811-5804;cliente551@exemplo.com
552;Carlos Pereira;Praça da Sé, 789;(11) 92047-5390;cliente552@exemplo.com
553;Ana Souza;Rua das Flores, 123;(11) 93453-8007;cliente553@exemplo.com
554;Lucas Fernandes;Praça da Sé, 789;(11) 99445-7553;cliente554@exemplo.com
555;Lucas Fernandes;Praça da Sé, 789;(11) 95599-7622;cliente555@exemplo.com
556;Paulo Almeida;Avenida Paulista, 456;(11) 96705-1801;cliente556@exemplo.com
557;Mariana Rocha;Avenida Atlântica, 1617;(11) 97820-5406;cliente557@exemplo.com
558;Juliana Costa;Avenida Ipiranga, 2021;(11) 95973-2591;cliente558@exemplo.com
559;João Silva;Praça da Sé, 789;(11) 97877-4414;cliente559@exemplo.com
560;Ana Souza;Avenida Brasil, 1213;(11) 91243-3223;cliente560@exemplo.com
561;Paulo Almeida;Avenida Ipiranga, 2021;(11) 94699-5344;cliente561@exemplo.com
562;Carlos Pereira;Rua das Palmeiras, 1819;(11) 91522-9305;cliente562@exemplo.com
563;Maria Oliveira;Avenida Paulista, 456;(11) 93734-4359;cliente563@exemplo.com
564;Lucas Fernandes;Rua Augusta, 1011;(11) 99547-6978;cliente564@exemplo.com
565;Pedro Santos;Praça da Sé, 789;(11) 94408-9996;cliente565@exemplo.com
566;Fernanda Lima;Rua das Flores, 123;(11) 91922-2625;cliente566@exemplo.com
567;João Silva;Praça da Sé, 789;(11) 91517-9413;cliente567@exemplo.com
568;Maria Oliveira;Rua das Palmeiras, 1819;(11) 97413-7293;cliente568@exemplo.com
569;João Silva;Avenida Paulista, 456;(11) 92447-3370;cliente569@exemplo.com
570;Fernanda Lima;Praça da Sé, 789;(11) 92369-8605;cliente570@exemplo.com
571;João Silva;Rua XV de Novembro, 1415;(11) 92698-9288;cliente571@exemplo.com
572;Pedro Santos;Rua XV de Novembro, 1415;(11) 98347-6182;cliente572@exemplo.com
573;Fernanda Lima;Rua da Consolação, 2223;(11) 94599-9542;cliente573@exemplo.com
574;Ana Souza;Avenida Ipiranga, 2021;(11) 97941-1114;cliente574@exemplo.com
575;Paulo Almeida;Rua Augusta, 1011;(11) 98512-2266;cliente575@exemplo.com
576;Paulo Almeida;Avenida Paulista, 456;(11) 94821-2335;cliente576@exemplo.com
577;Carlos Pereira;Avenida Atlântica, 1617;(11) 97107-4815;cliente577@exemplo.com
578;Lucas Fernandes;Rua das Flores, 123;(11) 92957-3520;cliente578@exemplo.com
579;Mariana Rocha;Avenida Brasil, 1213;(11) 97785-4140;cliente579@exemplo.com
580;Carlos Pereira;Rua XV de Novembro, 1415;(11) 99236-1435;cliente580@exemplo.com
581;Lucas Fernandes;Avenida Atlântica, 1617;(11) 92380-1086;cliente581@exemplo.com
582;Juliana Costa;Rua XV de Novembro, 1415;(11) 96644-4811;cliente582@exemplo.com
583;Fernanda Lima;Avenida Atlântica, 1617;(11) 95429-6522;cliente583@exemplo.com
584;Maria Oliveira;Avenida Atlântica, 1617;(11) 97131-2550;cliente584@exemplo.com
585;Fernanda Lima;Avenida Ipiranga, 2021;(11) 91318-4119;cliente585@exemplo.com
586;Maria Oliveira;Avenida Ipiranga, 2021;(11) 95193-3123;cliente586@exemplo.com
587;Mariana Rocha;Rua das Flores, 123;(11) 95722-8426;cliente587@exemplo.com
588;Fernanda Lima;Rua da Consolação, 2223;(11) 99171-5620;cliente588@exemplo.com
589;Maria Oliveira;Avenida Ipiranga, 2021;(11) 99366-5590;cliente589@exemplo.com
590;Fernanda Lima;Rua das Flores, 123;(11) 97735-3863;cliente590@exemplo.com
591;Mariana Rocha;Rua Augusta, 1011;(11) 98123-6617;cliente591@exemplo.com
592;Carlos Pereira;Avenida Ipiranga, 2021;(11) 99424-2800;cliente592@exemplo.com
593;Maria Oliveira;Rua das Flores, 123;(11) 94633-3107;cliente593@exemplo.com
594;Juliana Costa;Rua XV de Novembro, 1415;(11) 92666-3031;cliente594@exemplo.com
595;Paulo Almeida;Avenida Atlântica, 1617;(11) 99623-2083;cliente595@exemplo.com
596;Carlos Pereira;Avenida Paulista, 456;(11) 92870-4216;cliente596@exemplo.com
597;Lucas Fernandes;Rua das Palmeiras, 1819;(11) 99401-9954;cliente597@exemplo.com
598;João Silva;Rua XV de Novembro, 1415;(11) 91156-6815;cliente598@exemplo.com
599;Ana Souza;Avenida Atlântica, 1617;(11) 99374-8320;cliente599@exemplo.com
600;Fernanda Lima;Rua XV de Novembro, 1415;(11) 92573-3894;cliente600@exemplo.com
601;Carlos Pereira;Avenida Brasil, 1213;(11) 96609-3684;cliente601@exemplo.com
602;Lucas Fernandes;Rua Augusta, 1011;(11) 94727-1193;cliente602@exemplo.com
603;Fernanda Lima;Avenida Ipiranga, 2021;(11) 96111-2764;cliente603@exemplo.com
604;Lucas Fernandes;Rua Augusta, 1011;(11) 99693-6663;cliente604@exemplo.com
605;Pedro Santos;Avenida Paulista, 456;(11) 95872-9758;cliente605@exemplo.com
606;Juliana Costa;Praça da Sé, 789;(11) 94301-3483;cliente606@exemplo.com
607;Fernanda Lima;Rua das Palmeiras, 1819;(11) 91417-2422;cliente607@exemplo.com
608;Mariana Rocha;Praça da Sé, 789;(11) 96869-9162;cliente608@exemplo.com
609;João Silva;Avenida Brasil, 1213;(11) 95891-2303;cliente609@exemplo.com
610;Fernanda Lima;Rua XV de Novembro, 1415;(11) 97701-6196;cliente610@exemplo.com
611;Carlos Pereira;Avenida Brasil, 1213;(11) 91505-8355;cliente611@exemplo.com
612;Maria Oliveira;Rua XV de Novembro, 1415;(11) 91001-3932;cliente612@exemplo.com
613;Paulo Almeida;Avenida Brasil, 1213;(11) 95072-5762;cliente613@exemplo.com
614;Juliana Costa;Rua das Palmeiras, 1819;(11) 91156-1454;cliente614@exemplo.com
615;Fernanda Lima;Rua das Flores, 123;(11) 96075-8897;cliente615@exemplo.com
616;Pedro Santos;Avenida Ipiranga, 2021;(11) 98025-5364;cliente616@exemplo.com
617;Carlos Pereira;Avenida Paulista, 456;(11) 92863-3913;cliente617@exemplo.com
618;Fernanda Lima;Rua das Flores, 123;(11) 92878-8863;cliente618@exemplo.com
619;Lucas Fernandes;Rua XV de Novembro, 1415;(11) 95282-6085;cliente619@exemplo.com
620;João Silva;Avenida Brasil, 1213;(11) 95225-2592;cliente620@exemplo.com
621;Mariana Rocha;Rua XV de Novembro, 1415;(11) 97438-5253;cliente621@exemplo.com
622;Ana Souza;Avenida Ipiranga, 2021;(11) 91678-3873;cliente622@exemplo.com
623;João Silva;Avenida Ipiranga, 2021;(11) 98288-5287;cliente623@exemplo.com
624;Ana Souza;Rua da Consolação, 2223;(11) 92549-7204;cliente624@exemplo.com
625;João Silva;Praça da Sé, 789;(11) 93290-8248;cliente625@exemplo.com
626;Lucas Fernandes;Rua das Palmeiras, 1819;(11) 98514-2046;cliente626@exemplo.com
627;João Silva;Avenida Brasil, 1213;(11) 91183-1385;cliente627@exemplo.com
628;Pedro Santos;Avenida Brasil, 1213;(11) 92213-6009;cliente628@exemplo.com
629;Ana Souza;Rua XV de Novembro, 1415;(11) 94007-9900;cliente629@exemplo.com
630;Mariana Rocha;Avenida Ipiranga, 2021;(11) 93335-4728;cliente630@exemplo.com
631;Maria Oliveira;Avenida Ipiranga, 2021;(11) 99373-3262;cliente631@exemplo.com
632;Mariana Rocha;Rua das Palmeiras, 1819;(11) 92069-6168;cliente632@exemplo.com
633;Juliana Costa;Avenida Brasil, 1213;(11) 98082-6217;cliente633@exemplo.com
634;Lucas Fernandes;Rua da Consolação, 2223;(11) 91864-4311;cliente634@exemplo.com
635;Ana Souza;Rua das Flores, 123;(11) 99525-6427;cliente635@exemplo.com
636;Carlos Pereira;Rua das Flores, 123;(11) 92847-2427;cliente636@exemplo.com
637;Maria Oliveira;Rua XV de Novembro, 1415;(11) 96752-6403;cliente637@exemplo.com
638;Fernanda Lima;Avenida Brasil, 1213;(11) 98328-3415;cliente638@exemplo.com
639;Mariana Rocha;Rua XV de Novembro, 1415;(11) 96811-6807;cliente639@exemplo.com
640;Mariana Rocha;Avenida Paulista, 456;(11) 92185-1906;cliente640@exemplo.com
641;Lucas Fernandes;Rua das Palmeiras, 1819;(11) 91437-9786;cliente641@exemplo.com
642;Mariana Rocha;Avenida Brasil, 1213;(11) 94303-9305;cliente642@exemplo.com
643;Carlos Pereira;Rua XV de Novembro, 1415;(11) 92802-4909;cliente643@exemplo.com
644;Maria Oliveira;Rua Augusta, 1011;(11) 95885-5897;cliente644@exemplo.com
645;Mariana Rocha;Rua da Consolação, 2223;(11) 92509-2057;cliente645@exemplo.com
646;Juliana Costa;Rua das Palmeiras, 1819;(11) 94171-4078;cliente646@exemplo.com
647;João Silva;Rua XV de Novembro, 1415;(11) 94296-5879;cliente647@exemplo.com
648;Lucas Fernandes;Rua Augusta, 1011;(11) 93164-9256;cliente648@exemplo.com
649;Carlos Pereira;Praça da Sé, 789;(11) 93209-2356;cliente649@exemplo.com
650;Paulo Almeida;Rua Augusta, 1011;(11) 96316-9766;cliente650@exemplo.com
651;Ana Souza;Avenida Paulista, 456;(11) 98080-1530;cliente651@exemplo.com
652;Mariana Rocha;Avenida Atlântica, 1617;(11) 91391-7923;cliente652@exemplo.com
653;Mariana Rocha;Avenida Paulista, 456;(11) 99221-6251;cliente653@exemplo.com
654;Juliana Costa;Rua das Flores, 123;(11) 91738-6538;cliente654@exemplo.com
655;Maria Oliveira;Rua XV de Novembro, 1415;(11) 98670-7350;cliente655@exemplo.com
656;Lucas Fernandes;Rua das Flores, 123;(11) 95997-5854;cliente656@exemplo.com
657;Fernanda Lima;Avenida Brasil, 1213;(11) 91504-8089;cliente657@exemplo.com
658;Pedro Santos;Rua das Palmeiras, 1819;(11) 94923-4119;cliente658@exemplo.com
659;Paulo Almeida;Rua XV de Novembro, 1415;(11) 93861-2279;cliente659@exemplo.com
660;Fernanda Lima;Rua Augusta, 1011;(11) 97479-4307;cliente660@exemplo.com
661;Ana Souza;Rua das Flores, 123;(11) 95130-1645;cliente661@exemplo.com
662;Carlos Pereira;Rua XV de Novembro, 1415;(11) 92614-5991;cliente662@exemplo.com
663;Maria Oliveira;Praça da Sé, 789;(11) 91554-7184;cliente663@exemplo.com
664;Maria Oliveira;Rua das Flores, 123;(11) 96960-5536;cliente664@exemplo.com
665;Juliana Costa;Avenida Atlântica, 1617;(11) 94951-7712;cliente665@exemplo.com
666;Fernanda Lima;Rua das Palmeiras, 1819;(11) 94365-5925;cliente666@exemplo.com
667;Lucas Fernandes;Rua XV de Novembro, 1415;(11) 92098-2186;cliente667@exemplo.com
668;Maria Oliveira;Avenida Paulista, 456;(11) 98115-3980;cliente668@exemplo.com
669;Juliana Costa;Avenida Brasil, 1213;(11) 97835-4343;cliente669@exemplo.com
670;Fernanda Lima;Rua XV de Novembro, 1415;(11) 97212-7321;cliente670@exemplo.com
671;João Silva;Avenida Atlântica, 1617;(11) 95402-1469;cliente671@exemplo.com
672;Ana Souza;Avenida Atlântica, 1617;(11) 93322-5369;cliente672@exemplo.com
673;João Silva;Rua das Palmeiras, 1819;(11) 92318-3414;cliente673@exemplo.com
674;João Silva;Rua XV de Novembro, 1415;(11) 91359-1727;cliente674@exemplo.com
675;Paulo Almeida;Avenida Atlântica, 1617;(11) 93046-2713;cliente675@exemplo.com
676;Ana Souza;Rua das Palmeiras, 1819;(11) 92913-9802;cliente676@exemplo.com
677;Carlos Pereira;Avenida Paulista, 456;(11) 99524-7489;cliente677@exemplo.com
678;Juliana Costa;Rua das Palmeiras, 1819;(11) 95746-3470;cliente678@exemplo.com
679;Paulo Almeida;Praça da Sé, 789;(11) 98712-3536;cliente679@exemplo.com
680;João Silva;Rua da Consolação, 2223;(11) 92045-9421;cliente680@exemplo.com
681;Maria Oliveira;Avenida Ipiranga, 2021;(11) 99766-6553;cliente681@exemplo.com
682;Fernanda Lima;Rua Augusta, 1011;(11) 99775-4770;cliente682@exemplo.com
683;Lucas Fernandes;Rua das Palmeiras, 1819;(11) 92287-3212;cliente683@exemplo.com
684;Pedro Santos;Rua Augusta, 1011;(11) 99841-3156;cliente684@exemplo.com
685;Fernanda Lima;Rua das Palmeiras, 1819;(11) 98274-3407;cliente685@exemplo.com
686;João Silva;Rua da Consolação, 2223;(11) 99837-7335;cliente686@exemplo.com
687;Paulo Almeida;Avenida Ipiranga, 2021;(11) 96096-4255;cliente687@exemplo.com
688;Maria Oliveira;Avenida Brasil, 1213;(11) 98764-9826;cliente688@exemplo.com
689;Lucas Fernandes;Rua XV de Novembro, 1415;(11) 92416-9342;cliente689@exemplo.com
690;João Silva;Avenida Ipiranga, 2021;(11) 98578-8241;cliente690@exemplo.com
691;Ana Souza;Avenida Atlântica, 1617;(11) 96881-9144;cliente691@exemplo.com
692;Paulo Almeida;Rua das Flores, 123;(11) 91937-2080;cliente692@exemplo.com
693;Fernanda Lima;Rua da Consolação, 2223;(11) 97807-9368;cliente693@exemplo.com
694;Maria Oliveira;Rua da Consolação, 2223;(11) 96157-7026;cliente694@exemplo.com
695;Mariana Rocha;Praça da Sé, 789;(11) 96492-5043;cliente695@exemplo.com
696;Mariana Rocha;Avenida Brasil, 1213;(11) 91962-5204;cliente696@exemplo.com
697;Mariana Rocha;Praça da Sé, 789;(11) 91132-1143;cliente697@exemplo.com
698;Pedro Santos;Rua das Palmeiras, 1819;(11) 96729-7182;cliente698@exemplo.com
699;Lucas Fernandes;Praça da Sé, 789;(11) 94664-2030;cliente699@exemplo.com
700;Fernanda Lima;Rua XV de Novembro, 1415;(11) 95021-6372;cliente700@exemplo.com
701;Pedro Santos;Avenida Brasil, 1213;(11) 94062-7558;cliente701@exemplo.com
702;Pedro Santos;Praça da Sé, 789;(11) 97281-6900;cliente702@exemplo.com
703;Lucas Fernandes;Avenida Brasil, 1213;(11) 95331-9627;cliente703@exemplo.com
704;Fernanda Lima;Avenida Brasil, 1213;(11) 96737-8619;cliente704@exemplo.com
705;Pedro Santos;Rua da Consolação, 2223;(11) 95552-8666;cliente705@exemplo.com
706;Maria Oliveira;Rua Augusta, 1011;(11) 98346-7906;cliente706@exemplo.com
707;João Silva;Avenida Paulista, 456;(11) 95289-7806;cliente707@exemplo.com
708;Fernanda Lima;Rua das Palmeiras, 1819;(11) 93581-8901;cliente708@exemplo.com
709;Mariana Rocha;Avenida Brasil, 1213;(11) 93439-5008;cliente709@exemplo.com
710;João Silva;Praça da Sé, 789;(11) 96760-4168;cliente710@exemplo.com
711;Pedro Santos;Rua da Consolação, 2223;(11) 92476-7516;cliente711@exemplo.com
712;Ana Souza;Rua Augusta, 1011;(11) 95962-2719;cliente712@exemplo.com
713;Fernanda Lima;Avenida Paulista, 456;(11) 97722-8935;cliente713@exemplo.com
714;Pedro Santos;Avenida Atlântica, 1617;(11) 98998-4097;cliente714@exemplo.com
715;João Silva;Praça da Sé, 789;(11) 99764-3197;cliente715@exemplo.com
716;Paulo Almeida;Avenida Paulista, 456;(11) 94688-5307;cliente716@exemplo.com
717;Ana Souza;Avenida Paulista, 456;(11) 97797-6412;cliente717@exemplo.com
718;Ana Souza;Praça da Sé, 789;(11) 92980-2419;cliente718@exemplo.com
719;Lucas Fernandes;Rua das Palmeiras, 1819;(11) 97245-3582;cliente719@exemplo.com
720;Pedro Santos;Avenida Ipiranga, 2021;(11) 98679-1745;cliente720@exemplo.com
721;Fernanda Lima;Avenida Atlântica, 1617;(11) 98174-1654;cliente721@exemplo.com
722;Paulo Almeida;Avenida Ipiranga, 2021;(11) 99335-5928;cliente722@exemplo.com
723;João Silva;Avenida Brasil, 1213;(11) 91315-4786;cliente723@exemplo.com
724;Maria Oliveira;Rua Augusta, 1011;(11) 97756-2514;cliente724@exemplo.com
725;Ana Souza;Rua das Flores, 123;(11) 96892-6594;cliente725@exemplo.com
726;Pedro Santos;Avenida Ipiranga, 2021;(11) 95351-2518;cliente726@exemplo.com
727;João Silva;Avenida Atlântica, 1617;(11) 93221-2274;cliente727@exemplo.com
728;Fernanda Lima;Rua XV de Novembro, 1415;(11) 92691-4061;cliente728@exemplo.com
729;João Silva;Avenida Paulista, 456;(11) 97639-5555;cliente729@exemplo.com
730;Maria Oliveira;Rua das Palmeiras, 1819;(11) 99976-4260;cliente730@exemplo.com
731;Mariana Rocha;Avenida Brasil, 1213;(11) 91879-5481;cliente731@exemplo.com
732;Ana Souza;Praça da Sé, 789;(11) 99491-6606;cliente732@exemplo.com
733;Mariana Rocha;Rua XV de Novembro, 1415;(11) 95115-5778;cliente733@exemplo.com
734;Paulo Almeida;Rua da Consolação, 2223;(11) 91612-7769;cliente734@exemplo.com
735;Fernanda Lima;Avenida Atlântica, 1617;(11) 92036-8264;cliente735@exemplo.com
736;Pedro Santos;Avenida Atlântica, 1617;(11) 98512-5796;cliente736@exemplo.com
737;Ana Souza;Rua Augusta, 1011;(11) 94235-3833;cliente737@exemplo.com
738;Fernanda Lima;Avenida Paulista, 456;(11) 94840-3217;cliente738@exemplo.com
739;Lucas Fernandes;Avenida Ipiranga, 2021;(11) 91090-9677;cliente739@exemplo.com
740;Ana Souza;Rua das Palmeiras, 1819;(11) 99059-4305;cliente740@exemplo.com
741;Carlos Pereira;Rua das Palmeiras, 1819;(11) 92191-1441;cliente741@exemplo.com
742;Carlos Pereira;Avenida Brasil, 1213;(11) 96499-5188;cliente742@exemplo.com
743;Ana Souza;Avenida Paulista, 456;(11) 91109-7226;cliente743@exemplo.com
744;João Silva;Avenida Paulista, 456;(11) 95147-6754;cliente744@exemplo.com
745;Ana Souza;Praça da Sé, 789;(11) 95829-7237;cliente745@exemplo.com
746;Mariana Rocha;Avenida Brasil, 1213;(11) 99282-4748;cliente746@exemplo.com
747;Maria Oliveira;Rua das Flores, 123;(11) 95271-8784;cliente747@exemplo.com
748;João Silva;Avenida Atlântica, 1617;(11) 95141-3782;cliente748@exemplo.com
749;Mariana Rocha;Avenida Paulista, 456;(11) 91258-9899;cliente749@exemplo.com
750;Maria Oliveira;Avenida Brasil, 1213;(11) 95858-1414;cliente750@exemplo.com
751;Carlos Pereira;Avenida Brasil, 1213;(11) 95056-3047;cliente751@exemplo.com
752;João Silva;Rua das Palmeiras, 1819;(11) 92560-8553;cliente752@exemplo.com
753;Lucas Fernandes;Avenida Paulista, 456;(11) 97368-1721;cliente753@exemplo.com
754;Carlos Pereira;Praça da Sé, 789;(11) 97847-5498;cliente754@exemplo.com
755;Maria Oliveira;Rua das Flores, 123;(11) 94074-8897;cliente755@exemplo.com
756;Carlos Pereira;Avenida Paulista, 456;(11) 93615-4863;cliente756@exemplo.com
757;João Silva;Rua das Flores, 123;(11) 98365-6758;cliente757@exemplo.com
758;Juliana Costa;Avenida Ipiranga, 2021;(11) 99017-7525;cliente758@exemplo.com
759;Mariana Rocha;Rua das Flores, 123;(11) 96898-9682;cliente759@exemplo.com
760;João Silva;Praça da Sé, 789;(11) 91902-9024;cliente760@exemplo.com
761;Lucas Fernandes;Rua das Palmeiras, 1819;(11) 96950-5229;cliente761@exemplo.com
762;Lucas Fernandes;Rua da Consolação, 2223;(11) 94476-2318;cliente762@exemplo.com
763;Mariana Rocha;Rua Augusta, 1011;(11) 94242-6788;cliente763@exemplo.com
764;Fernanda Lima;Rua XV de Novembro, 1415;(11) 95586-1768;cliente764@exemplo.com
765;Fernanda Lima;Rua XV de Novembro, 1415;(11) 96923-5690;cliente765@exemplo.com
766;Juliana Costa;Rua das Flores, 123;(11) 92332-8956;cliente766@exemplo.com
767;Ana Souza;Praça da Sé, 789;(11) 93255-1764;cliente767@exemplo.com
768;Pedro Santos;Rua da Consolação, 2223;(11) 94763-8790;cliente768@exemplo.com
769;Paulo Almeida;Avenida Brasil, 1213;(11) 99147-2037;cliente769@exemplo.com
770;Paulo Almeida;Rua XV de Novembro, 1415;(11) 98397-5376;cliente770@exemplo.com
771;Fernanda Lima;Avenida Paulista, 456;(11) 99836-5987;cliente771@exemplo.com
772;Mariana Rocha;Rua da Consolação, 2223;(11) 91457-1888;cliente772@exemplo.com
773;Pedro Santos;Avenida Paulista, 456;(11) 99511-3678;cliente773@exemplo.com
774;Maria Oliveira;Avenida Ipiranga, 2021;(11) 92268-8804;cliente774@exemplo.com
775;João Silva;Avenida Ipiranga, 2021;(11) 91572-8930;cliente775@exemplo.com
776;Lucas Fernandes;Praça da Sé, 789;(11) 92311-1291;cliente776@exemplo.com
777;Carlos Pereira;Avenida Ipiranga, 2021;(11) 92429-2344;cliente777@exemplo.com
778;Paulo Almeida;Rua das Flores, 123;(11) 98400-3478;cliente778@exemplo.com
779;Lucas Fernandes;Rua XV de Novembro, 1415;(11) 92381-5854;cliente779@exemplo.com
780;Carlos Pereira;Rua XV de Novembro, 1415;(11) 94818-3018;cliente780@exemplo.com
781;João Silva;Avenida Paulista, 456;(11) 92119-2552;cliente781@exemplo.com
782;Carlos Pereira;Avenida Brasil, 1213;(11) 94530-5171;cliente782@exemplo.com
783;João Silva;Rua das Flores, 123;(11) 94497-2992;cliente783@exemplo.com
784;Maria Oliveira;Rua Augusta, 1011;(11) 91261-7038;cliente784@exemplo.com
785;Lucas Fernandes;Rua Augusta, 1011;(11) 92486-6909;cliente785@exemplo.com
786;Lucas Fernandes;Rua das Palmeiras, 1819;(11) 93636-1945;cliente786@exemplo.com
787;Pedro Santos;Rua das Flores, 123;(11) 98043-9060;cliente787@exemplo.com
788;Ana Souza;Praça da Sé, 789;(11) 94165-2003;cliente788@exemplo.com
789;João Silva;Rua da Consolação, 2223;(11) 98903-6997;cliente789@exemplo.com
790;Ana Souza;Rua da Consolação, 2223;(11) 92111-1811;cliente790@exemplo.com
791;Ana Souza;Rua Augusta, 1011;(11) 97518-7999;cliente791@exemplo.com
792;Lucas Fernandes;Rua Augusta, 1011;(11) 93302-8711;cliente792@exemplo.com
793;Fernanda Lima;Avenida Brasil, 1213;(11) 93907-9987;cliente793@exemplo.com
794;João Silva;Avenida Paulista, 456;(11) 95344-1135;cliente794@exemplo.com
795;Lucas Fernandes;Rua das Palmeiras, 1819;(11) 97854-4197;cliente795@exemplo.com
796;Maria Oliveira;Rua das Flores, 123;(11) 93642-4578;cliente796@exemplo.com
797;Carlos Pereira;Rua das Flores, 123;(11) 92734-8476;cliente797@exemplo.com
798;Juliana Costa;Rua das Palmeiras, 1819;(11) 91778-8650;cliente798@exemplo.com
799;Lucas Fernandes;Rua Augusta, 1011;(11) 98541-7012;cliente799@exemplo.com
800;Pedro Santos;Rua XV de Novembro, 1415;(11) 95847-9142;cliente800@exemplo.com
801;Mariana Rocha;Rua da Consolação, 2223;(11) 97128-8883;cliente801@exemplo.com
802;Juliana Costa;Rua das Flores, 123;(11) 96419-4518;cliente802@exemplo.com
803;Ana Souza;Praça da Sé, 789;(11) 92875-4612;cliente803@exemplo.com
804;Carlos Pereira;Rua das Flores, 123;(11) 98566-8677;cliente804@exemplo.com
805;Fernanda Lima;Rua da Consolação, 2223;(11) 91183-2776;cliente805@exemplo.com
806;Maria Oliveira;Avenida Ipiranga, 2021;(11) 92246-6584;cliente806@exemplo.com
807;Lucas Fernandes;Rua da Consolação, 2223;(11) 91172-6655;cliente807@exemplo.com
808;Pedro Santos;Avenida Atlântica, 1617;(11) 95266-6342;cliente808@exemplo.com
809;Lucas Fernandes;Avenida Brasil, 1213;(11) 97188-1989;cliente809@exemplo.com
810;Mariana Rocha;Rua Augusta, 1011;(11) 92253-9005;cliente810@exemplo.com
811;João Silva;Rua da Consolação, 2223;(11) 98016-6015;cliente811@exemplo.com
812;Carlos Pereira;Avenida Brasil, 1213;(11) 94878-8262;cliente812@exemplo.com
813;Ana Souza;Avenida Brasil, 1213;(11) 99482-6241;cliente813@exemplo.com
814;João Silva;Praça da Sé, 789;(11) 92913-8807;cliente814@exemplo.com
815;Ana Souza;Avenida Ipiranga, 2021;(11) 92225-1063;cliente815@exemplo.com
816;Ana Souza;Praça da Sé, 789;(11) 95339-2614;cliente816@exemplo.com
817;Mariana Rocha;Rua Augusta, 1011;(11) 95741-1319;cliente817@exemplo.com
818;Ana Souza;Rua das Flores, 123;(11) 96662-6531;cliente818@exemplo.com
819;Carlos Pereira;Avenida Atlântica, 1617;(11) 97410-7750;cliente819@exemplo.com
820;Lucas Fernandes;Avenida Ipiranga, 2021;(11) 94247-4187;cliente820@exemplo.com
821;João Silva;Rua das Flores, 123;(11) 91989-7230;cliente821@exemplo.com
822;Maria Oliveira;Avenida Brasil, 1213;(11) 94471-9317;cliente822@exemplo.com
823;Maria Oliveira;Rua das Palmeiras, 1819;(11) 94948-1491;cliente823@exemplo.com
824;Fernanda Lima;Rua das Flores, 123;(11) 91466-7862;cliente824@exemplo.com
825;Mariana Rocha;Praça da Sé, 789;(11) 99142-3631;cliente825@exemplo.com
826;João Silva;Avenida Atlântica, 1617;(11) 97735-8575;cliente826@exemplo.com
827;Fernanda Lima;Rua Augusta, 1011;(11) 92963-8061;cliente827@exemplo.com
828;Fernanda Lima;Avenida Atlântica, 1617;(11) 99895-9291;cliente828@exemplo.com
829;Carlos Pereira;Rua XV de Novembro, 1415;(11) 91802-7646;cliente829@exemplo.com
830;Maria Oliveira;Avenida Brasil, 1213;(11) 98666-5155;cliente830@exemplo.com
831;Mariana Rocha;Rua da Consolação, 2223;(11) 91920-1024;cliente831@exemplo.com
832;Carlos Pereira;Rua XV de Novembro, 1415;(11) 93217-6913;cliente832@exemplo.com
833;Mariana Rocha;Avenida Paulista, 456;(11) 92159-3036;cliente833@exemplo.com
834;Lucas Fernandes;Rua das Palmeiras, 1819;(11) 96415-9829;cliente834@exemplo.com
835;Pedro Santos;Praça da Sé, 789;(11) 96620-9983;cliente835@exemplo.com
836;Lucas Fernandes;Rua Augusta, 1011;(11) 94395-2916;cliente836@exemplo.com
837;João Silva;Rua XV de Novembro, 1415;(11) 95013-5858;cliente837@exemplo.com
838;Lucas Fernandes;Avenida Paulista, 456;(11) 96334-2990;cliente838@exemplo.com
839;Fernanda Lima;Praça da Sé, 789;(11) 92312-7233;cliente839@exemplo.com
840;Ana Souza;Rua da Consolação, 2223;(11) 92345-5206;cliente840@exemplo.com
841;Ana Souza;Rua da Consolação, 2223;(11) 93390-2935;cliente841@exemplo.com
842;Pedro Santos;Avenida Paulista, 456;(11) 94933-9318;cliente842@exemplo.com
843;Mariana Rocha;Avenida Paulista, 456;(11) 97860-4307;cliente843@exemplo.com
844;Maria Oliveira;Rua Augusta, 1011;(11) 97341-9832;cliente844@exemplo.com
845;Paulo Almeida;Rua das Flores, 123;(11) 97826-3496;cliente845@exemplo.com
846;Mariana Rocha;Praça da Sé, 789;(11) 99720-9478;cliente846@exemplo.com
847;Juliana Costa;Rua Augusta, 1011;(11) 92486-9506;cliente847@exemplo.com
848;João Silva;Avenida Ipiranga, 2021;(11) 91588-1910;cliente848@exemplo.com
849;Mariana Rocha;Rua da Consolação, 2223;(11) 95021-2212;cliente849@exemplo.com
850;Fernanda Lima;Rua Augusta, 1011;(11) 94223-8203;cliente850@exemplo.com
851;Mariana Rocha;Avenida Brasil, 1213;(11) 91987-6418;cliente851@exemplo.com
852;João Silva;Rua das Flores, 123;(11) 96568-3535;cliente852@exemplo.com
853;Mariana Rocha;Rua XV de Novembro, 1415;(11) 96014-8521;cliente853@exemplo.com
854;Maria Oliveira;Avenida Ipiranga, 2021;(11) 99395-2841;cliente854@exemplo.com
855;Juliana Costa;Avenida Ipiranga, 2021;(11) 96744-5522;cliente855@exemplo.com
856;Paulo Almeida;Avenida Brasil, 1213;(11) 91660-6649;cliente856@exemplo.com
857;Carlos Pereira;Avenida Ipiranga, 2021;(11) 92007-5735;cliente857@exemplo.com
858;Carlos Pereira;Praça da Sé, 789;(11) 98698-9375;cliente858@exemplo.com
859;Lucas Fernandes;Praça da Sé, 789;(11) 97244-4196;cliente859@exemplo.com
860;Maria Oliveira;Avenida Ipiranga, 2021;(11) 97737-2611;cliente860@exemplo.com
861;Lucas Fernandes;Rua XV de Novembro, 1415;(11) 91649-1818;cliente861@exemplo.com
862;Pedro Santos;Rua XV de Novembro, 1415;(11) 92151-4438;cliente862@exemplo.com
863;Pedro Santos;Praça da Sé, 789;(11) 98726-6495;cliente863@exemplo.com
864;Pedro Santos;Rua das Palmeiras, 1819;(11) 96972-5296;cliente864@exemplo.com
865;Paulo Almeida;Avenida Paulista, 456;(11) 99269-9297;cliente865@exemplo.com
866;Ana Souza;Rua da Consolação, 2223;(11) 91228-5028;cliente866@exemplo.com
867;Ana Souza;Avenida Ipiranga, 2021;(11) 93479-7164;cliente867@exemplo.com
868;Juliana Costa;Avenida Brasil, 1213;(11) 93047-9241;cliente868@exemplo.com
869;Maria Oliveira;Avenida Ipiranga, 2021;(11) 93398-2343;cliente869@exemplo.com
870;Fernanda Lima;Rua das Flores, 123;(11) 92375-2272;cliente870@exemplo.com
871;Paulo Almeida;Rua das Flores, 123;(11) 98600-7786;cliente871@exemplo.com
872;Paulo Almeida;Rua das Flores, 123;(11) 94572-9612;cliente872@exemplo.com
873;Lucas Fernandes;Avenida Atlântica, 1617;(11) 91139-3210;cliente873@exemplo.com
874;Paulo Almeida;Rua XV de Novembro, 1415;(11) 93881-2738;cliente874@exemplo.com
875;Lucas Fernandes;Avenida Brasil, 1213;(11) 93296-8457;cliente875@exemplo.com
876;Lucas Fernandes;Rua das Palmeiras, 1819;(11) 91032-5392;cliente876@exemplo.com
877;Pedro Santos;Rua das Palmeiras, 1819;(11) 95229-2343;cliente877@exemplo.com
878;Mariana Rocha;Avenida Ipiranga, 2021;(11) 99138-1867;cliente878@exemplo.com
879;Mariana Rocha;Rua das Palmeiras, 1819;(11) 94579-5774;cliente879@exemplo.com
880;Mariana Rocha;Avenida Brasil, 1213;(11) 97974-2713;cliente880@exemplo.com
881;Juliana Costa;Rua XV de Novembro, 1415;(11) 94579-9428;cliente881@exemplo.com
882;Carlos Pereira;Rua Augusta, 1011;(11) 91188-2533;cliente882@exemplo.com
883;João Silva;Rua das Palmeiras, 1819;(11) 94085-1946;cliente883@exemplo.com
884;Carlos Pereira;Rua XV de Novembro, 1415;(11) 91632-6709;cliente884@exemplo.com
885;Carlos Pereira;Rua das Palmeiras, 1819;(11) 92664-6921;cliente885@exemplo.com
886;Fernanda Lima;Rua Augusta, 1011;(11) 99871-2704;cliente886@exemplo.com
887;Fernanda Lima;Rua XV de Novembro, 1415;(11) 94159-5880;cliente887@exemplo.com
888;Paulo Almeida;Avenida Ipiranga, 2021;(11) 93867-2973;cliente888@exemplo.com
889;Paulo Almeida;Rua XV de Novembro, 1415;(11) 95355-6769;cliente889@exemplo.com
890;Paulo Almeida;Rua Augusta, 1011;(11) 99155-6604;cliente890@exemplo.com
891;Maria Oliveira;Rua das Flores, 123;(11) 95239-7906;cliente891@exemplo.com
892;Maria Oliveira;Praça da Sé, 789;(11) 94326-2372;cliente892@exemplo.com
893;Carlos Pereira;Avenida Paulista, 456;(11) 97843-8036;cliente893@exemplo.com
894;Maria Oliveira;Rua Augusta, 1011;(11) 94942-7973;cliente894@exemplo.com
895;Maria Oliveira;Rua XV de Novembro, 1415;(11) 91232-1348;cliente895@exemplo.com
896;João Silva;Rua das Flores, 123;(11) 99585-6825;cliente896@exemplo.com
897;Paulo Almeida;Avenida Atlântica, 1617;(11) 93732-2069;cliente897@exemplo.com
898;Paulo Almeida;Praça da Sé, 789;(11) 92484-4879;cliente898@exemplo.com
899;Lucas Fernandes;Rua Augusta, 1011;(11) 98458-1552;cliente899@exemplo.com
900;João Silva;Avenida Brasil, 1213;(11) 98173-8813;cliente900@exemplo.com
901;Carlos Pereira;Rua da Consolação, 2223;(11) 98619-1781;cliente901@exemplo.com
902;Fernanda Lima;Avenida Ipiranga, 2021;(11) 95213-3170;cliente902@exemplo.com
903;Lucas Fernandes;Avenida Atlântica, 1617;(11) 98567-1691;cliente903@exemplo.com
904;Ana Souza;Avenida Ipiranga, 2021;(11) 93982-4104;cliente904@exemplo.com
905;Maria Oliveira;Rua das Palmeiras, 1819;(11) 95617-5436;cliente905@exemplo.com
906;Maria Oliveira;Rua Augusta, 1011;(11) 97529-1194;cliente906@exemplo.com
907;Pedro Santos;Rua XV de Novembro, 1415;(11) 97788-1868;cliente907@exemplo.com
908;Fernanda Lima;Rua das Palmeiras, 1819;(11) 97615-2350;cliente908@exemplo.com
909;Mariana Rocha;Rua XV de Novembro, 1415;(11) 91675-7171;cliente909@exemplo.com
910;Carlos Pereira;Rua das Palmeiras, 1819;(11) 91461-2351;cliente910@exemplo.com
911;Pedro Santos;Praça da Sé, 789;(11) 94161-7801;cliente911@exemplo.com
912;Juliana Costa;Rua das Flores, 123;(11) 99296-5671;cliente912@exemplo.com
913;Juliana Costa;Rua das Flores, 123;(11) 93887-5222;cliente913@exemplo.com
914;Paulo Almeida;Rua das Flores, 123;(11) 96395-1950;cliente914@exemplo.com
915;Carlos Pereira;Rua XV de Novembro, 1415;(11) 91666-8198;cliente915@exemplo.com
916;Juliana Costa;Avenida Paulista, 456;(11) 95298-2642;cliente916@exemplo.com
917;Carlos Pereira;Rua da Consolação, 2223;(11) 93656-5589;cliente917@exemplo.com
918;Ana Souza;Rua XV de Novembro, 1415;(11) 96450-5874;cliente918@exemplo.com
919;Lucas Fernandes;Rua das Palmeiras, 1819;(11) 96252-6385;cliente919@exemplo.com
920;Pedro Santos;Praça da Sé, 789;(11) 91486-2737;cliente920@exemplo.com
921;Carlos Pereira;Avenida Ipiranga, 2021;(11) 93214-9822;cliente921@exemplo.com
922;Lucas Fernandes;Avenida Brasil, 1213;(11) 97264-2332;cliente922@exemplo.com
923;Ana Souza;Rua Augusta, 1011;(11) 96491-4106;cliente923@exemplo.com
924;Carlos Pereira;Avenida Ipiranga, 2021;(11) 91091-4659;cliente924@exemplo.com
925;João Silva;Rua da Consolação, 2223;(11) 96520-9525;cliente925@exemplo.com
926;João Silva;Rua das Flores, 123;(11) 93120-9602;cliente926@exemplo.com
927;Juliana Costa;Avenida Ipiranga, 2021;(11) 93517-7284;cliente927@exemplo.com
928;Juliana Costa;Avenida Paulista, 456;(11) 91011-3729;cliente928@exemplo.com
929;Carlos Pereira;Rua das Palmeiras, 1819;(11) 94025-7097;cliente929@exemplo.com
930;Juliana Costa;Rua das Flores, 123;(11) 92759-5255;cliente930@exemplo.com
931;Juliana Costa;Rua das Palmeiras, 1819;(11) 92090-3956;cliente931@exemplo.com
932;Fernanda Lima;Rua da Consolação, 2223;(11) 93555-1091;cliente932@exemplo.com
933;Maria Oliveira;Rua XV de Novembro, 1415;(11) 92756-6917;cliente933@exemplo.com
934;Ana Souza;Rua da Consolação, 2223;(11) 94469-1999;cliente934@exemplo.com
935;João Silva;Rua da Consolação, 2223;(11) 97125-1602;cliente935@exemplo.com
936;Pedro Santos;Avenida Brasil, 1213;(11) 93794-7444;cliente936@exemplo.com
937;Maria Oliveira;Rua das Palmeiras, 1819;(11) 96813-6639;cliente937@exemplo.com
938;Fernanda Lima;Rua Augusta, 1011;(11) 97398-3367;cliente938@exemplo.com
939;João Silva;Avenida Brasil, 1213;(11) 95645-6161;cliente939@exemplo.com
940;Pedro Santos;Rua das Flores, 123;(11) 95683-5771;cliente940@exemplo.com
941;Ana Souza;Rua das Palmeiras, 1819;(11) 96045-9014;cliente941@exemplo.com
942;Paulo Almeida;Rua das Palmeiras, 1819;(11) 97373-7935;cliente942@exemplo.com
943;Juliana Costa;Rua Augusta, 1011;(11) 97120-8006;cliente943@exemplo.com
944;Pedro Santos;Avenida Ipiranga, 2021;(11) 96597-1291;cliente944@exemplo.com
945;Juliana Costa;Rua Augusta, 1011;(11) 91529-7832;cliente945@exemplo.com
946;Juliana Costa;Avenida Brasil, 1213;(11) 98430-8013;cliente946@exemplo.com
947;Paulo Almeida;Avenida Atlântica, 1617;(11) 97181-5653;cliente947@exemplo.com
948;Ana Souza;Avenida Atlântica, 1617;(11) 91970-9016;cliente948@exemplo.com
949;Pedro Santos;Avenida Paulista, 456;(11) 99428-4406;cliente949@exemplo.com
950;Lucas Fernandes;Avenida Paulista, 456;(11) 92239-4594;cliente950@exemplo.com
951;Lucas Fernandes;Avenida Atlântica, 1617;(11) 92708-8436;cliente951@exemplo.com
952;Maria Oliveira;Rua das Palmeiras, 1819;(11) 97184-8789;cliente952@exemplo.com
953;Carlos Pereira;Rua das Palmeiras, 1819;(11) 96901-4436;cliente953@exemplo.com
954;Maria Oliveira;Rua das Palmeiras, 1819;(11) 93370-6541;cliente954@exemplo.com
955;Fernanda Lima;Avenida Atlântica, 1617;(11) 98525-7098;cliente955@exemplo.com
956;Mariana Rocha;Avenida Brasil, 1213;(11) 93417-2337;cliente956@exemplo.com
957;Paulo Almeida;Avenida Brasil, 1213;(11) 92130-8772;cliente957@exemplo.com
958;Pedro Santos;Praça da Sé, 789;(11) 97902-7089;cliente958@exemplo.com
959;Pedro Santos;Avenida Brasil, 1213;(11) 99954-9672;cliente959@exemplo.com
960;Mariana Rocha;Avenida Brasil, 1213;(11) 99441-3185;cliente960@exemplo.com
961;Lucas Fernandes;Rua da Consolação, 2223;(11) 99858-8198;cliente961@exemplo.com
962;Ana Souza;Avenida Brasil, 1213;(11) 99168-4987;cliente962@exemplo.com
963;Carlos Pereira;Rua XV de Novembro, 1415;(11) 97505-5362;cliente963@exemplo.com
964;Ana Souza;Rua da Consolação, 2223;(11) 93941-2500;cliente964@exemplo.com
965;Ana Souza;Avenida Atlântica, 1617;(11) 91697-1379;cliente965@exemplo.com
966;Juliana Costa;Avenida Paulista, 456;(11) 99560-4265;cliente966@exemplo.com
967;João Silva;Avenida Paulista, 456;(11) 99385-2318;cliente967@exemplo.com
968;João Silva;Avenida Ipiranga, 2021;(11) 95253-1902;cliente968@exemplo.com
969;Maria Oliveira;Avenida Atlântica, 1617;(11) 97077-3385;cliente969@exemplo.com
970;Ana Souza;Praça da Sé, 789;(11) 92922-7958;cliente970@exemplo.com
971;Ana Souza;Rua Augusta, 1011;(11) 92687-1132;cliente971@exemplo.com
972;Pedro Santos;Avenida Atlântica, 1617;(11) 99125-7939;cliente972@exemplo.com
973;João Silva;Avenida Brasil, 1213;(11) 97364-5204;cliente973@exemplo.com
974;Juliana Costa;Avenida Paulista, 456;(11) 98461-1348;cliente974@exemplo.com
975;Lucas Fernandes;Rua das Flores, 123;(11) 95318-1955;cliente975@exemplo.com
976;Pedro Santos;Avenida Brasil, 1213;(11) 96047-7837;cliente976@exemplo.com
977;Ana Souza;Rua das Palmeiras, 1819;(11) 97137-7827;cliente977@exemplo.com
978;Ana Souza;Avenida Paulista, 456;(11) 98349-2362;cliente978@exemplo.com
979;Fernanda Lima;Avenida Paulista, 456;(11) 94306-2424;cliente979@exemplo.com
980;João Silva;Avenida Paulista, 456;(11) 98953-4800;cliente980@exemplo.com
981;Paulo Almeida;Rua da Consolação, 2223;(11) 94118-7496;cliente981@exemplo.com
982;Pedro Santos;Avenida Paulista, 456;(11) 96750-7255;cliente982@exemplo.com
983;Maria Oliveira;Avenida Ipiranga, 2021;(11) 97152-8203;cliente983@exemplo.com
984;João Silva;Rua das Flores, 123;(11) 96370-9060;cliente984@exemplo.com
985;Mariana Rocha;Praça da Sé, 789;(11) 95188-6737;cliente985@exemplo.com
986;Mariana Rocha;Rua das Flores, 123;(11) 93079-3631;cliente986@exemplo.com
987;Lucas Fernandes;Avenida Brasil, 1213;(11) 99657-4709;cliente987@exemplo.com
988;João Silva;Avenida Brasil, 1213;(11) 97274-9842;cliente988@exemplo.com
989;Mariana Rocha;Avenida Atlântica, 1617;(11) 95798-8972;cliente989@exemplo.com
990;Maria Oliveira;Avenida Atlântica, 1617;(11) 96670-1854;cliente990@exemplo.com
991;Carlos Pereira;Rua das Flores, 123;(11) 95988-5693;cliente991@exemplo.com
992;Mariana Rocha;Avenida Brasil, 1213;(11) 98779-8013;cliente992@exemplo.com
993;Lucas Fernandes;Praça da Sé, 789;(11) 99762-1651;cliente993@exemplo.com
994;Paulo Almeida;Praça da Sé, 789;(11) 91316-8315;cliente994@exemplo.com
995;Juliana Costa;Rua XV de Novembro, 1415;(11) 93945-3715;cliente995@exemplo.com
996;Pedro Santos;Avenida Brasil, 1213;(11) 91754-6200;cliente996@exemplo.com
997;Mariana Rocha;Avenida Brasil, 1213;(11) 96881-6965;cliente997@exemplo.com
998;João Silva;Avenida Ipiranga, 2021;(11) 92985-9386;cliente998@exemplo.com
999;Mariana Rocha;Avenida Brasil, 1213;(11) 92739-9489;cliente999@exemplo.com
1000;Fernanda Lima;Avenida Paulista, 456;(11) 98956-4770;cliente1000@exemplo.com
1001;Amanda Silva Santos;Avenida Ipiranga, 2021;(11) 96221-6965;cliente1001@exemplo.com
